ID;Код марки ТС;Наименование марки ТС;Код модели ТС;Наименование модели ТС;Синоним наименования модели
2;asia;АЗИЯ;asia.combi;COMBI;COMBI
2;asia;АЗИЯ;asia.combi;COMBI;КОМБИ
3;acura;АКУРА;acura.mdx;MDX;MDX
4;alfa_romeo;АЛЬФА РОМЕО;alfa_romeo.giulia;GIULIA;GIULIA
4;alfa_romeo;АЛЬФА РОМЕО;alfa_romeo.giulia;GIULIA;ДЖУЛИЯ
5;audi;АУДИ;audi.80;80;80
5;audi;АУДИ;audi.80;80;АУДИ80
5;audi;АУДИ;audi.80;80;AUDI80
6;audi;АУДИ;audi.100;100;100
6;audi;АУДИ;audi.100;100;АУДИ100
6;audi;АУДИ;audi.100;100;AUDI100
7;audi;АУДИ;audi.a1;A1;A1
8;audi;АУДИ;audi.a3;A3;A3
9;audi;АУДИ;audi.a4;A4;A4
9;audi;АУДИ;audi.a4;A4;A4AVANT
9;audi;АУДИ;audi.a4;A4;A4AVANT20TDI
10;audi;АУДИ;audi.a5;A5;A5
11;audi;АУДИ;audi.a6;A6;A6
11;audi;АУДИ;audi.a6;A6;A628
12;audi;АУДИ;audi.a7;A7;A7
13;audi;АУДИ;audi.a8;A8;A8
13;audi;АУДИ;audi.a8;A8;A8L
13;audi;АУДИ;audi.a8;A8;А8Л
14;audi;АУДИ;audi.q3;Q3;Q3
14;audi;АУДИ;audi.q3;Q3;RSQ3
15;audi;АУДИ;audi.q5;Q5;Q5
16;audi;АУДИ;audi.q7;Q7;Q7
16;audi;АУДИ;audi.q7;Q7;Q730TDI
17;audi;АУДИ;audi.q8;Q8;Q8
18;baw;БАВ;baw.fenix;FENIX;FENIX
19;baz;БАЗ;baz.baz_a079;БАЗ А079;БАЗА079
20;baic;БАЙК;baic.u5_plus;U5 PLUS;U5PLUS
21;belgee;БЕЛДЖИ;belgee.x50;X50;X50
21;belgee;БЕЛДЖИ;belgee.x50;X50;X50DA41KE5
22;belgee;БЕЛДЖИ;belgee.x70;X70;X70
23;bentley;БЕНТЛИ;bentley.bentayga;BENTAYGA;BENTAYGA
23;bentley;БЕНТЛИ;bentley.bentayga;BENTAYGA;БЕНТАЙГА
24;bentley;БЕНТЛИ;bentley.continental_gt;CONTINENTAL GT;CONTINENTALGT
24;bentley;БЕНТЛИ;bentley.continental_gt;CONTINENTAL GT;КОНТИНЕНТАЛЬГТ
24;bentley;БЕНТЛИ;bentley.continental_gt;CONTINENTAL GT;КОНТИНЕНТАЛЬGТ
24;bentley;БЕНТЛИ;bentley.continental_gt;CONTINENTAL GT;КОНТИНЕНТАЛЬGТV8
25;byd;БИД;byd.f3;F3;F3
25;byd;БИД;byd.f3;F3;QCJ7160A2F3
26;bmw;БМВ;bmw.1_series;1 SERIES;1SERIES
26;bmw;БМВ;bmw.1_series;1 SERIES;116I
26;bmw;БМВ;bmw.1_series;1 SERIES;118I
26;bmw;БМВ;bmw.1_series;1 SERIES;120D
26;bmw;БМВ;bmw.1_series;1 SERIES;135I
27;bmw;БМВ;bmw.2_series;2 SERIES;2SERIES
28;bmw;БМВ;bmw.4_series;4 SERIES;4SERIES
29;bmw;БМВ;bmw.5_series;5 SERIES;5SERIES
29;bmw;БМВ;bmw.5_series;5 SERIES;520
29;bmw;БМВ;bmw.5_series;5 SERIES;520D
29;bmw;БМВ;bmw.5_series;5 SERIES;520DXDRIVE
29;bmw;БМВ;bmw.5_series;5 SERIES;520DВМW520D
29;bmw;БМВ;bmw.5_series;5 SERIES;520I
29;bmw;БМВ;bmw.5_series;5 SERIES;520IA
29;bmw;БМВ;bmw.5_series;5 SERIES;523
29;bmw;БМВ;bmw.5_series;5 SERIES;525
29;bmw;БМВ;bmw.5_series;5 SERIES;523D
29;bmw;БМВ;bmw.5_series;5 SERIES;525DTOURING
29;bmw;БМВ;bmw.5_series;5 SERIES;525E
29;bmw;БМВ;bmw.5_series;5 SERIES;525I
29;bmw;БМВ;bmw.5_series;5 SERIES;5251
29;bmw;БМВ;bmw.5_series;5 SERIES;525I24V
29;bmw;БМВ;bmw.5_series;5 SERIES;525IA
29;bmw;БМВ;bmw.5_series;5 SERIES;528
29;bmw;БМВ;bmw.5_series;5 SERIES;528I
29;bmw;БМВ;bmw.5_series;5 SERIES;528IXDRIVE
29;bmw;БМВ;bmw.5_series;5 SERIES;528IA
29;bmw;БМВ;bmw.5_series;5 SERIES;530DXDRIVE
29;bmw;БМВ;bmw.5_series;5 SERIES;530DXDRIVE39AH
29;bmw;БМВ;bmw.5_series;5 SERIES;530I
29;bmw;БМВ;bmw.5_series;5 SERIES;530IXDRIVE
29;bmw;БМВ;bmw.5_series;5 SERIES;530IA
29;bmw;БМВ;bmw.5_series;5 SERIES;540IXDRIVE
30;bmw;БМВ;bmw.6_series;6 SERIES;6SERIES
30;bmw;БМВ;bmw.6_series;6 SERIES;630DXDRIVE
30;bmw;БМВ;bmw.6_series;6 SERIES;630ICOUPE
30;bmw;БМВ;bmw.6_series;6 SERIES;640IXDRIVE
31;bmw;БМВ;bmw.7_series;7 SERIES;7SERIES
31;bmw;БМВ;bmw.7_series;7 SERIES;730I
31;bmw;БМВ;bmw.7_series;7 SERIES;730LDXDRIVE
31;bmw;БМВ;bmw.7_series;7 SERIES;735I
31;bmw;БМВ;bmw.7_series;7 SERIES;740DXDRIVE
31;bmw;БМВ;bmw.7_series;7 SERIES;740E
31;bmw;БМВ;bmw.7_series;7 SERIES;750IXDRIVE
31;bmw;БМВ;bmw.7_series;7 SERIES;750LI
31;bmw;БМВ;bmw.7_series;7 SERIES;750LIXDRIVE
32;bmw;БМВ;bmw.x1;X1;X1
32;bmw;БМВ;bmw.x1;X1;ИКС1
32;bmw;БМВ;bmw.x1;X1;X1SDRIVE18I
32;bmw;БМВ;bmw.x1;X1;X1XDRIVE18D
32;bmw;БМВ;bmw.x1;X1;X1XDRIVE18D11AD
32;bmw;БМВ;bmw.x1;X1;X1XDRIVE20D
33;bmw;БМВ;bmw.x2;X2;X2
33;bmw;БМВ;bmw.x2;X2;ИКС2
33;bmw;БМВ;bmw.x2;X2;X2XDRIVE18D
33;bmw;БМВ;bmw.x2;X2;X2XDRIVE20I
34;bmw;БМВ;bmw.x3;X3;X3
34;bmw;БМВ;bmw.x3;X3;ИКС3
34;bmw;БМВ;bmw.x3;X3;X3ХDRIVЕ28I
34;bmw;БМВ;bmw.x3;X3;X3XDRIVE20D
34;bmw;БМВ;bmw.x3;X3;X3XDRIVE30D
34;bmw;БМВ;bmw.x3;X3;X3XDRIVE30DTX71
34;bmw;БМВ;bmw.x3;X3;X3XDRIVE30DKJ79
34;bmw;БМВ;bmw.x3;X3;X3XDRIVE30I
34;bmw;БМВ;bmw.x3;X3;X3M
34;bmw;БМВ;bmw.x3;X3;X3M40I
34;bmw;БМВ;bmw.x3;X3;X3XDRIVE20I
34;bmw;БМВ;bmw.x3;X3;X3XDRIVE25SI
34;bmw;БМВ;bmw.x3;X3;X3XDRIVЕ30D
35;bmw;БМВ;bmw.x4;X4;X4
35;bmw;БМВ;bmw.x4;X4;ИКС4
35;bmw;БМВ;bmw.x4;X4;X4XDRIVE20D
35;bmw;БМВ;bmw.x4;X4;X4XDRIVE20I
35;bmw;БМВ;bmw.x4;X4;X4XDRIVE30D
35;bmw;БМВ;bmw.x4;X4;X4XDRIVE30DVJ59
36;bmw;БМВ;bmw.x5;X5;X5
36;bmw;БМВ;bmw.x5;X5;ИКС5
36;bmw;БМВ;bmw.x5;X5;X530
36;bmw;БМВ;bmw.x5;X5;X530I
36;bmw;БМВ;bmw.x5;X5;X535IX
36;bmw;БМВ;bmw.x5;X5;Х5ИКСДРАЙВ30D
36;bmw;БМВ;bmw.x5;X5;X5M50D
36;bmw;БМВ;bmw.x5;X5;X5XDRIVE30D
36;bmw;БМВ;bmw.x5;X5;X5XDRIVE30DCV69
36;bmw;БМВ;bmw.x5;X5;X5XDRIVE30DCV61
36;bmw;БМВ;bmw.x5;X5;X5XDRIVE35I
36;bmw;БМВ;bmw.x5;X5;X5XDRIVE40D
36;bmw;БМВ;bmw.x5;X5;X5XDRIVE40I
36;bmw;БМВ;bmw.x5;X5;X5XDRIVE 50I
36;bmw;БМВ;bmw.x5;X5;X5M
36;bmw;БМВ;bmw.x5;X5;X544I
37;bmw;БМВ;bmw.x6;X6;X6
37;bmw;БМВ;bmw.x6;X6;X6350X
37;bmw;БМВ;bmw.x6;X6;ИКС6
37;bmw;БМВ;bmw.x6;X6;АКТИВГИБРИДX6
37;bmw;БМВ;bmw.x6;X6;X6XDRIVE30D
37;bmw;БМВ;bmw.x6;X6;X6XDRIVE35D
37;bmw;БМВ;bmw.x6;X6;X6XDRIVE35I
37;bmw;БМВ;bmw.x6;X6;X6XDRIVE40D
37;bmw;БМВ;bmw.x6;X6;X6XDRIVE40I
37;bmw;БМВ;bmw.x6;X6;X6M
38;bmw;БМВ;bmw.x7;X7;X7
38;bmw;БМВ;bmw.x7;X7;ИКС7
38;bmw;БМВ;bmw.x7;X7;X7XDRIVE30D
38;bmw;БМВ;bmw.x7;X7;X7XDRIVE30DCW89
38;bmw;БМВ;bmw.x7;X7;X7XDRIVE40D
38;bmw;БМВ;bmw.x7;X7;X7XDRIVE40I
39;bova;БОВА;bova.magiq;MAGIQ;MAGIQ
40;bova;БОВА;bova.futura_fhd;FUTURA FHD;FUTURAFHD
40;bova;БОВА;bova.futura_fhd;FUTURA FHD;FUTURA
41;bogdan;БОГДАН;bogdan.a092;А092;А092
42;bogdan;БОГДАН;bogdan.a144;А144;А144
43;brilliance;БРИЛЛИАНС;brilliance.v5;V5;V5
44;van_hool;ВАН-ХОЛЛ;van_hool.t8;T8;T8
45;van_hool;ВАН-ХОЛЛ;van_hool.t9;T9;T9
46;volzhanin;ВОЛЖАНИН;volzhanin.4298;4298;4298
47;volzhanin;ВОЛЖАНИН;volzhanin.5270;5270;5270
48;volzhanin;ВОЛЖАНИН;volzhanin.5285;5285;5285
49;volzhanin;ВОЛЖАНИН;volzhanin.6271;6271;6271
50;volvo;ВОЛЬВО;volvo.9700;9700;9700
51;volvo;ВОЛЬВО;volvo.9900;9900;9900
52;volvo;ВОЛЬВО;volvo.b10;B10;B10
52;volvo;ВОЛЬВО;volvo.b10;B10;B10M
53;volvo;ВОЛЬВО;volvo.b12;B12;B12
54;volvo;ВОЛЬВО;volvo.xc60;XC60;XC60
54;volvo;ВОЛЬВО;volvo.xc60;XC60;XC60UZ08AC
55;volvo;ВОЛЬВО;volvo.xc70;XC70;XC70
56;volvo;ВОЛЬВО;volvo.xc90;XC90;XC90
57;volvo;ВОЛЬВО;volvo.s40;S40;S40
58;volvo;ВОЛЬВО;volvo.s60;S60;S60
59;volvo;ВОЛЬВО;volvo.s80;S80;S80
60;volvo;ВОЛЬВО;volvo.fl;FL;FL
61;volvo;ВОЛЬВО;volvo.fh;FH;FH
61;volvo;ВОЛЬВО;volvo.fh;FH;FHTRUCK4X2
61;volvo;ВОЛЬВО;volvo.fh;FH;FHTRUCK6X2
61;volvo;ВОЛЬВО;volvo.fh;FH;FHTRUCK6X4
62;voyah;ВОЯ;voyah.dream;DREAM;DREAM
62;voyah;ВОЯ;voyah.dream;DREAM;ДРИМ
63;voyah;ВОЯ;voyah.free;FREE;FREE
63;voyah;ВОЯ;voyah.free;FREE;ФРИ
64;gaz;ГАЗ;gaz.2217;2217;2217
64;gaz;ГАЗ;gaz.2217;2217;ГАЗ2217
64;gaz;ГАЗ;gaz.2217;2217;22171
64;gaz;ГАЗ;gaz.2217;2217;ГАЗ22171
64;gaz;ГАЗ;gaz.2217;2217;221717
64;gaz;ГАЗ;gaz.2217;2217;ГАЗ221717
64;gaz;ГАЗ;gaz.2217;2217;221727
64;gaz;ГАЗ;gaz.2217;2217;22177
64;gaz;ГАЗ;gaz.2217;2217;ГАЗ22177
65;gaz;ГАЗ;gaz.2705;2705;2705
65;gaz;ГАЗ;gaz.2705;2705;ГАЗ2705
65;gaz;ГАЗ;gaz.2705;2705;27055
65;gaz;ГАЗ;gaz.2705;2705;ГАЗ27055
65;gaz;ГАЗ;gaz.2705;2705;27057
65;gaz;ГАЗ;gaz.2705;2705;ГАЗ27057
66;gaz;ГАЗ;gaz.3221;3221;3221
66;gaz;ГАЗ;gaz.3221;3221;ГАЗ3221
66;gaz;ГАЗ;gaz.3221;3221;32212
66;gaz;ГАЗ;gaz.3221;3221;ГАЗ32212
66;gaz;ГАЗ;gaz.3221;3221;32213
66;gaz;ГАЗ;gaz.3221;3221;ГАЗ32213
66;gaz;ГАЗ;gaz.3221;3221;322132
66;gaz;ГАЗ;gaz.3221;3221;32217
66;gaz;ГАЗ;gaz.3221;3221;ГАЗ32217
66;gaz;ГАЗ;gaz.3221;3221;322173
66;gaz;ГАЗ;gaz.3221;3221;ГАЗ322173
66;gaz;ГАЗ;gaz.3221;3221;322125
66;gaz;ГАЗ;gaz.3221;3221;ГАЗ322125
67;gaz;ГАЗ;gaz.3302;3302;3302
67;gaz;ГАЗ;gaz.3302;3302;ГАЗ3302
67;gaz;ГАЗ;gaz.3302;3302;330202
67;gaz;ГАЗ;gaz.3302;3302;ГАЗ330202
67;gaz;ГАЗ;gaz.3302;3302;33021
67;gaz;ГАЗ;gaz.3302;3302;33025
67;gaz;ГАЗ;gaz.3302;3302;ГАЗ33025
67;gaz;ГАЗ;gaz.3302;3302;330252
67;gaz;ГАЗ;gaz.3302;3302;ГАЗ330252
67;gaz;ГАЗ;gaz.3302;3302;330253
67;gaz;ГАЗ;gaz.3302;3302;ГАЗ330253
67;gaz;ГАЗ;gaz.3302;3302;33026
67;gaz;ГАЗ;gaz.3302;3302;ГАЗ33026
67;gaz;ГАЗ;gaz.3302;3302;330262
67;gaz;ГАЗ;gaz.3302;3302;ГАЗ330262
67;gaz;ГАЗ;gaz.3302;3302;330263
67;gaz;ГАЗ;gaz.3302;3302;ГАЗ330263
67;gaz;ГАЗ;gaz.3302;3302;33027
67;gaz;ГАЗ;gaz.3302;3302;ГАЗ33027
67;gaz;ГАЗ;gaz.3302;3302;330273
67;gaz;ГАЗ;gaz.3302;3302;ГАЗ330273
68;gaz;ГАЗ;gaz.3309;3309;3309
68;gaz;ГАЗ;gaz.3309;3309;ГАЗ3309
68;gaz;ГАЗ;gaz.3309;3309;33090
68;gaz;ГАЗ;gaz.3309;3309;ГАЗ33090
68;gaz;ГАЗ;gaz.3309;3309;33091
68;gaz;ГАЗ;gaz.3309;3309;ГАЗ33091
68;gaz;ГАЗ;gaz.3309;3309;33092
68;gaz;ГАЗ;gaz.3309;3309;ГАЗ33092
68;gaz;ГАЗ;gaz.3309;3309;33096
68;gaz;ГАЗ;gaz.3309;3309;ГАЗ33096
68;gaz;ГАЗ;gaz.3309;3309;33098
68;gaz;ГАЗ;gaz.3309;3309;ГАЗ33098
69;gaz;ГАЗ;gaz.33023;33023;33023
69;gaz;ГАЗ;gaz.33023;33023;ГАЗ33023
69;gaz;ГАЗ;gaz.33023;33023;330232
69;gaz;ГАЗ;gaz.33023;33023;ГАЗ330232
70;gaz;ГАЗ;gaz.31029_volga;31029 ВОЛГА;31029ВОЛГА
70;gaz;ГАЗ;gaz.31029_volga;31029 ВОЛГА;31029
70;gaz;ГАЗ;gaz.31029_volga;31029 ВОЛГА;ГАЗ31029
71;gaz;ГАЗ;gaz.3110_volga;3110 ВОЛГА;3110ВОЛГА
71;gaz;ГАЗ;gaz.3110_volga;3110 ВОЛГА;3110
71;gaz;ГАЗ;gaz.3110_volga;3110 ВОЛГА;ГАЗ3110
72;gaz;ГАЗ;gaz.31105_volga;31105 ВОЛГА;31105ВОЛГА
72;gaz;ГАЗ;gaz.31105_volga;31105 ВОЛГА;31105
72;gaz;ГАЗ;gaz.31105_volga;31105 ВОЛГА;ГАЗ31105
73;gaz;ГАЗ;gaz.gazel_next;ГАЗЕЛЬ NEXT;ГАЗЕЛЬNEXT
73;gaz;ГАЗ;gaz.gazel_next;ГАЗЕЛЬ NEXT;ГАЗЕЛЬНЕКСТ
73;gaz;ГАЗ;gaz.gazel_next;ГАЗЕЛЬ NEXT;GAZELNEXT
73;gaz;ГАЗ;gaz.gazel_next;ГАЗЕЛЬ NEXT;A21R22
73;gaz;ГАЗ;gaz.gazel_next;ГАЗЕЛЬ NEXT;A21R32
73;gaz;ГАЗ;gaz.gazel_next;ГАЗЕЛЬ NEXT;A22R22
73;gaz;ГАЗ;gaz.gazel_next;ГАЗЕЛЬ NEXT;A22R32
73;gaz;ГАЗ;gaz.gazel_next;ГАЗЕЛЬ NEXT;A23R22
73;gaz;ГАЗ;gaz.gazel_next;ГАЗЕЛЬ NEXT;A23R32
73;gaz;ГАЗ;gaz.gazel_next;ГАЗЕЛЬ NEXT;278856
73;gaz;ГАЗ;gaz.gazel_next;ГАЗЕЛЬ NEXT;278872
74;gaz;ГАЗ;gaz.gazel_city;ГАЗЕЛЬ CITY;ГАЗЕЛЬCITY
74;gaz;ГАЗ;gaz.gazel_city;ГАЗЕЛЬ CITY;ГАЗЕЛЬСИТИ
74;gaz;ГАЗ;gaz.gazel_city;ГАЗЕЛЬ CITY;GAZELCITY
75;gaz;ГАЗ;gaz.gazon_next;ГАЗОН NEXT;ГАЗОНNEXT
75;gaz;ГАЗ;gaz.gazon_next;ГАЗОН NEXT;ГАЗОННЕКСТ
75;gaz;ГАЗ;gaz.gazon_next;ГАЗОН NEXT;GAZONNEXT
75;gaz;ГАЗ;gaz.gazon_next;ГАЗОН NEXT;3010GA
75;gaz;ГАЗ;gaz.gazon_next;ГАЗОН NEXT;279952
76;gac;ГАК;gac.gs3;GS3;GS3
77;gac;ГАК;gac.gs8;GS8;GS8
78;golaz;ГОЛАЗ;golaz.5225;5225;5225
79;golaz;ГОЛАЗ;golaz.5251;5251;5251
80;golaz;ГОЛАЗ;golaz.5291;5291;5291
81;golaz;ГОЛАЗ;golaz.6228;6228;6228
82;golden_dragon;ГОЛДЕН ДРАГОН;golden_dragon.xml6122;XML6122;XML6122
83;golden_dragon;ГОЛДЕН ДРАГОН;golden_dragon.xml6126;XML6126;XML6126
84;great_wall;ГРЕЙТ ВОЛЛ;great_wall.300;300;300
85;great_wall;ГРЕЙТ ВОЛЛ;great_wall.500;500;500
86;great_wall;ГРЕЙТ ВОЛЛ;great_wall.poer;POER;POER
86;great_wall;ГРЕЙТ ВОЛЛ;great_wall.poer;POER;ПОЕР
87;great_wall;ГРЕЙТ ВОЛЛ;great_wall.hover_h3;HOVER H3;HOVERH3
87;great_wall;ГРЕЙТ ВОЛЛ;great_wall.hover_h3;HOVER H3;ХОВЕРХ3
87;great_wall;ГРЕЙТ ВОЛЛ;great_wall.hover_h3;HOVER H3;CC6460KM27
88;great_wall;ГРЕЙТ ВОЛЛ;great_wall.hover_h5;HOVER H5;HOVERH5
88;great_wall;ГРЕЙТ ВОЛЛ;great_wall.hover_h5;HOVER H5;ХОВЕРХ5
88;great_wall;ГРЕЙТ ВОЛЛ;great_wall.hover_h5;HOVER H5;CC6461KM29
88;great_wall;ГРЕЙТ ВОЛЛ;great_wall.hover_h5;HOVER H5;CC6461KM68
89;daihatsu;ДАЙХАЦУ;daihatsu.mira;MIRA;MIRA
89;daihatsu;ДАЙХАЦУ;daihatsu.mira;MIRA;МИРА
90;daihatsu;ДАЙХАЦУ;daihatsu.move;MOVE;MOVE
90;daihatsu;ДАЙХАЦУ;daihatsu.move;MOVE;МУВ
91;daihatsu;ДАЙХАЦУ;daihatsu.thor;THOR;THOR
91;daihatsu;ДАЙХАЦУ;daihatsu.thor;THOR;ТОР
92;daf;ДАФ;daf.xf-series;XF-SERIES;XFSERIES
92;daf;ДАФ;daf.xf-series;XF-SERIES;XF
93;daf;ДАФ;daf.cf-series;CF-SERIES;CFSERIES
93;daf;ДАФ;daf.cf-series;CF-SERIES;CF
94;datsun;ДАЦУН;datsun.on-do;ON-DO;ONDO
94;datsun;ДАЦУН;datsun.on-do;ON-DO;ONDOBAABD0
94;datsun;ДАЦУН;datsun.on-do;ON-DO;ДАТСУНONDO
94;datsun;ДАЦУН;datsun.on-do;ON-DO;ДАТСУНОНДО
94;datsun;ДАЦУН;datsun.on-do;ON-DO;ОНДО
95;jac;ДЖАК;jac.j7;J7;J7
96;jac;ДЖАК;jac.js3;JS3;JS3
97;jac;ДЖАК;jac.js6;JS6;JS6
98;jac;ДЖАК;jac.k7;K7;K7
99;jac;ДЖАК;jac.n120;N120;N120
100;jac;ДЖАК;jac.n35;N35;N35
101;jac;ДЖАК;jac.t6;T6;T6
102;jac;ДЖАК;jac.hk6120;HK6120;HK6120
103;jaecoo;ДЖЕЙКУ;jaecoo.j7;J7;J7
104;jaecoo;ДЖЕЙКУ;jaecoo.j8;J8;J8
105;jetta;ДЖЕТТА;jetta.vs5;VS5;VS5
106;jetta;ДЖЕТТА;jetta.vs7;VS7;VS7
107;jetour;ДЖЕТУР;jetour.dashing;DASHING;DASHING
107;jetour;ДЖЕТУР;jetour.dashing;DASHING;ДАШИНГ
108;jetour;ДЖЕТУР;jetour.x70_plus;X70 PLUS;X70PLUS
109;jetour;ДЖЕТУР;jetour.x90_plus;X90 PLUS;X90PLUS
110;jetour;ДЖЕТУР;jetour.t2;T2;T2
110;jetour;ДЖЕТУР;jetour.t2;T2;T2JE1EPL4GL50E0
111;gmc;ДЖИ-ЭМ-СИ;gmc.savana;SAVANA;SAVANA
112;gmc;ДЖИ-ЭМ-СИ;gmc.sierra;SIERRA;SIERRA
112;gmc;ДЖИ-ЭМ-СИ;gmc.sierra;SIERRA;СИЕРРА
113;geely;ДЖИЛИ;geely.atlas;ATLAS;ATLAS
113;geely;ДЖИЛИ;geely.atlas;ATLAS;АТЛАС
113;geely;ДЖИЛИ;geely.atlas;ATLAS;ATLASNL3Y
114;geely;ДЖИЛИ;geely.emgrand_ec7;EMGRAND EC7;EMGRANDEC7
114;geely;ДЖИЛИ;geely.emgrand_ec7;EMGRAND EC7;ЭМГРАНДЕС7
115;geely;ДЖИЛИ;geely.coolray;COOLRAY;COOLRAY
115;geely;ДЖИЛИ;geely.coolray;COOLRAY;КУЛРЕЙ
115;geely;ДЖИЛИ;geely.coolray;COOLRAY;COOLRAYDA41KE5
116;geely;ДЖИЛИ;geely.monjaro;MONJARO;MONJARO
116;geely;ДЖИЛИ;geely.monjaro;MONJARO;МОНЖАРО
117;geely;ДЖИЛИ;geely.okavango;OKAVANGO;OKAVANGO
117;geely;ДЖИЛИ;geely.okavango;OKAVANGO;ОКАВАНГО
118;geely;ДЖИЛИ;geely.preface;PREFACE;PREFACE
118;geely;ДЖИЛИ;geely.preface;PREFACE;ПРЕФЕЙС
119;geely;ДЖИЛИ;geely.tugella;TUGELLA;TUGELLA
119;geely;ДЖИЛИ;geely.tugella;TUGELLA;ТУГЕЛЛА
119;geely;ДЖИЛИ;geely.tugella;TUGELLA;TUGELLAHPBA4
120;jeep;ДЖИП;jeep.grand_cherokee;GRAND CHEROKEE;GRANDCHEROKEE
120;jeep;ДЖИП;jeep.grand_cherokee;GRAND CHEROKEE;ГРАНДЧЕРОКИ
120;jeep;ДЖИП;jeep.grand_cherokee;GRAND CHEROKEE;ГРАНДЧЕРОКИSRТ
121;jeep;ДЖИП;jeep.wrangler;WRANGLER;WRANGLER
121;jeep;ДЖИП;jeep.wrangler;WRANGLER;ВРАНГЛЕР
122;dodge;ДОДЖ;dodge.ram_1500;RAM 1500;RAM1500
122;dodge;ДОДЖ;dodge.ram_1500;RAM 1500;RAM
122;dodge;ДОДЖ;dodge.ram_1500;RAM 1500;РАМ1500
122;dodge;ДОДЖ;dodge.ram_1500;RAM 1500;РАМ
123;dongfeng;ДОНГ ФЕНГ;dongfeng.dfh_4180;DFH 4180;DFH4180
124;dongfeng;ДОНГ ФЕНГ;dongfeng.captain-t;CAPTAIN-T;CAPTAINT
125;dongfeng;ДОНГ ФЕНГ;dongfeng.c120;C120;C120
126;daewoo;ДЭУ;daewoo.bs106;BS106;BS106
127;daewoo;ДЭУ;daewoo.matiz;MATIZ;MATIZ
127;daewoo;ДЭУ;daewoo.matiz;MATIZ;МАТИЗ
128;daewoo;ДЭУ;daewoo.nexia;NEXIA;NEXIA
128;daewoo;ДЭУ;daewoo.nexia;NEXIA;NEXIAGLE
128;daewoo;ДЭУ;daewoo.nexia;NEXIA;НЕКСИА
128;daewoo;ДЭУ;daewoo.nexia;NEXIA;НЕКСИЯGLE16
128;daewoo;ДЭУ;daewoo.nexia;NEXIA;НЕКСИЯGLE
128;daewoo;ДЭУ;daewoo.nexia;NEXIA;НЕКСИЯ
128;daewoo;ДЭУ;daewoo.nexia;NEXIA;DАЕWООNЕХIА
129;daewoo;ДЭУ;daewoo.novus;NOVUS;NOVUS
130;zaz;ЗАЗ;zaz.chance;CHANCE;CHANCE
131;zeekr;ЗИКР;zeekr.1;1;1
131;zeekr;ЗИКР;zeekr.1;1;001
132;zil;ЗИЛ;zil.131;131;131
133;zil;ЗИЛ;zil.5301;5301;5301
134;iveco;ИВЕКО;iveco.vsn_700;VSN 700;VSN700
135;iveco;ИВЕКО;iveco.daily;DAILY;DAILY
135;iveco;ИВЕКО;iveco.daily;DAILY;ДЭЙЛИ
135;iveco;ИВЕКО;iveco.daily;DAILY;35S18DAILY
135;iveco;ИВЕКО;iveco.daily;DAILY;2227UT
135;iveco;ИВЕКО;iveco.daily;DAILY;2227UR
136;iveco;ИВЕКО;iveco.eurocargo;EUROCARGO;EUROCARGO
136;iveco;ИВЕКО;iveco.eurocargo;EUROCARGO;ИВЕКО75E15FORD
136;iveco;ИВЕКО;iveco.eurocargo;EUROCARGO;ЕВРОКАРГО
137;iveco;ИВЕКО;iveco.stralis;STRALIS;STRALIS
137;iveco;ИВЕКО;iveco.stralis;STRALIS;СТРАЛИС
138;izh;ИЖ;izh.27175;27175;27175
138;izh;ИЖ;izh.27175;27175;ИЖ27175-030
139;izh;ИЖ;izh.2126_oda;2126 «ОДА»;2126ОДА
139;izh;ИЖ;izh.2126_oda;2126 «ОДА»;2126
139;izh;ИЖ;izh.2126_oda;2126 «ОДА»;ОДА
140;ikarus;ИКАРУС;ikarus.256;256;256
141;international;ИНТЕРНЕЙШНЛ;international.9000_series;9000 SERIES;9000SERIES
141;international;ИНТЕРНЕЙШНЛ;international.9000_series;9000 SERIES;9400I
142;infiniti;ИНФИНИТИ;infiniti.qx50;QX50;QX50
143;infiniti;ИНФИНИТИ;infiniti.fx;FX;FX
143;infiniti;ИНФИНИТИ;infiniti.fx;FX;FX37
143;infiniti;ИНФИНИТИ;infiniti.fx;FX;ФХ37
143;infiniti;ИНФИНИТИ;infiniti.fx;FX;FX35
143;infiniti;ИНФИНИТИ;infiniti.fx;FX;ФХ35
144;iran_khodro;ИРАН ХОДРО;iran_khodro.samand;SAMAND;SAMAND
144;iran_khodro;ИРАН ХОДРО;iran_khodro.samand;SAMAND;САМАНД
145;isuzu;ИСУЗУ;isuzu.d-max;D-MAX;DMAX
146;isuzu;ИСУЗУ;isuzu.forward;FORWARD;FORWARD
146;isuzu;ИСУЗУ;isuzu.forward;FORWARD;FSERIES
146;isuzu;ИСУЗУ;isuzu.forward;FORWARD;ФОРВАРД
147;isuzu;ИСУЗУ;isuzu.elf;ELF;ELF
147;isuzu;ИСУЗУ;isuzu.elf;ELF;ЭЛЬФ
147;isuzu;ИСУЗУ;isuzu.elf;ELF;470520
148;kavz;КАВЗ;kavz.4235;4235;4235
149;kavz;КАВЗ;kavz.4270;4270;4270
150;cadillac;КАДИЛЛАК;cadillac.escalade;ESCALADE;ESCALADE
150;cadillac;КАДИЛЛАК;cadillac.escalade;ESCALADE;ESCALADEТ1ULF
150;cadillac;КАДИЛЛАК;cadillac.escalade;ESCALADE;GMT926ESCALADE
150;cadillac;КАДИЛЛАК;cadillac.escalade;ESCALADE;ЭСКАЛАДЕGMT926K10706
150;cadillac;КАДИЛЛАК;cadillac.escalade;ESCALADE;ESCALADEK2XX
151;kamaz;КАМАЗ;kamaz.4308;4308;4308
152;kamaz;КАМАЗ;kamaz.5490;5490;5490
152;kamaz;КАМАЗ;kamaz.5490;5490;5490S5
153;kamaz;КАМАЗ;kamaz.6282;6282;6282
154;kamaz;КАМАЗ;kamaz.6460;6460;6460
155;kamaz;КАМАЗ;kamaz.6520;6520;6520
156;kamaz;КАМАЗ;kamaz.54901;54901;54901
157;kenworth;КЕНВОРТ;kenworth.t2000;T2000;T2000
158;kia;КИА;kia.bongo;BONGO;BONGO
158;kia;КИА;kia.bongo;BONGO;БОНГО3
158;kia;КИА;kia.bongo;BONGO;БОНГО
158;kia;КИА;kia.bongo;BONGO;BONGO3
158;kia;КИА;kia.bongo;BONGO;BONGO111
159;kia;КИА;kia.granbird;GRANBIRD;GRANBIRD
159;kia;КИА;kia.granbird;GRANBIRD;ГРАНБИРД
159;kia;КИА;kia.granbird;GRANBIRD;ГРАНБЕРД
160;kia;КИА;kia.granbird_silkroad;GRANBIRD SILKROAD;GRANBIRDSILKROAD
161;kia;КИА;kia.k5;K5;K5
162;kia;КИА;kia.carnival;CARNIVAL;CARNIVAL
162;kia;КИА;kia.carnival;CARNIVAL;КАРНИВАЛ
163;kia;КИА;kia.mohave;MOHAVE;MOHAVE
163;kia;КИА;kia.mohave;MOHAVE;МОХАВ
163;kia;КИА;kia.mohave;MOHAVE;МОХАВ BORREGO
164;kia;КИА;kia.optima;OPTIMA;OPTIMA
164;kia;КИА;kia.optima;OPTIMA;ОПТИМА
164;kia;КИА;kia.optima;OPTIMA;JFOPTIMA
164;kia;КИА;kia.optima;OPTIMA;JFОПТИМА
165;kia;КИА;kia.picanto;PICANTO;PICANTO
165;kia;КИА;kia.picanto;PICANTO;JAPICANTO
165;kia;КИА;kia.picanto;PICANTO;ПИКАНТО
166;kia;КИА;kia.rio;RIO;RIO
166;kia;КИА;kia.rio;RIO;РИО
166;kia;КИА;kia.rio;RIO;РИОKIARIO
166;kia;КИА;kia.rio;RIO;DEJBRIO
166;kia;КИА;kia.rio;RIO;KIARIO
167;kia;КИА;kia.seltos;SELTOS;SELTOS
167;kia;КИА;kia.seltos;SELTOS;SP2SELTOS
167;kia;КИА;kia.seltos;SELTOS;СЕЛТОС
168;kia;КИА;kia.ceed;CEED;CEED
168;kia;КИА;kia.ceed;CEED;CEEDJ7W5D261F
168;kia;КИА;kia.ceed;CEED;JDCEED
168;kia;КИА;kia.ceed;CEED;JDСИД
168;kia;КИА;kia.ceed;CEED;СИДJD
168;kia;КИА;kia.ceed;CEED;СИИД
168;kia;КИА;kia.ceed;CEED;СИД
168;kia;КИА;kia.ceed;CEED;CDCEED
168;kia;КИА;kia.ceed;CEED;EDСИИД
168;kia;КИА;kia.ceed;CEED;EDCEED
168;kia;КИА;kia.ceed;CEED;СИДED
169;kia;КИА;kia.sorento;SORENTO;SORENTO
169;kia;КИА;kia.sorento;SORENTO;СОРЕНТО
169;kia;КИА;kia.sorento;SORENTO;BLSORENTOJC5248
169;kia;КИА;kia.sorento;SORENTO;XMFLSORENTO
169;kia;КИА;kia.sorento;SORENTO;XMSORENTO
169;kia;КИА;kia.sorento;SORENTO;ХМСОРЕНТО
169;kia;КИА;kia.sorento;SORENTO;UMSORENTO
169;kia;КИА;kia.sorento;SORENTO;KIAXMFLSORENTO
170;kia;КИА;kia.soul;SOUL;SOUL
170;kia;КИА;kia.soul;SOUL;СОУЛ
170;kia;КИА;kia.soul;SOUL;SK3SOUL
170;kia;КИА;kia.soul;SOUL;PSSOUL
170;kia;КИА;kia.soul;SOUL;AMSOUL
171;kia;КИА;kia.sportage;SPORTAGE;SPORTAGE
171;kia;КИА;kia.sportage;SPORTAGE;QLESPORTAGE
171;kia;КИА;kia.sportage;SPORTAGE;SLSSPORTAGESLSLS
171;kia;КИА;kia.sportage;SPORTAGE;СПОРТЕЙДЖQLE
171;kia;КИА;kia.sportage;SPORTAGE;СПОРТЕЙДЖ
171;kia;КИА;kia.sportage;SPORTAGE;СЛССПОРТЕИДЖСЛСЛС
172;kia;КИА;kia.cerato;CERATO;CERATO
172;kia;КИА;kia.cerato;CERATO;ЦЕРАТО
172;kia;КИА;kia.cerato;CERATO;BDCERATOFORTE
172;kia;КИА;kia.cerato;CERATO;YDCERATOFORTE
172;kia;КИА;kia.cerato;CERATO;YDЦЕРАТОФОРТЭ
173;king_long;КИНГЛОНГ;king_long.xmq6129;XMQ6129;XMQ6129
174;king_long;КИНГЛОНГ;king_long.xmq6900;XMQ6900;XMQ6900
175;chrysler;КРАЙСЛЕР;chrysler.300c;300C;300C
175;chrysler;КРАЙСЛЕР;chrysler.300c;300C;300
176;chrysler;КРАЙСЛЕР;chrysler.voyager;VOYAGER;VOYAGER
176;chrysler;КРАЙСЛЕР;chrysler.voyager;VOYAGER;ВОЯДЖЕР
177;chrysler;КРАЙСЛЕР;chrysler.pt_cruiser;PT CRUISER;PTCRUISER
177;chrysler;КРАЙСЛЕР;chrysler.pt_cruiser;PT CRUISER;ПИТИКРУЗЕР
178;chrysler;КРАЙСЛЕР;chrysler.sebring;SEBRING;SEBRING
178;chrysler;КРАЙСЛЕР;chrysler.sebring;SEBRING;СЕБРИНГ
179;lada;ЛАДА;lada.2104;2104;2104
179;lada;ЛАДА;lada.2104;2104;ВАЗ2104
179;lada;ЛАДА;lada.2104;2104;21041
179;lada;ЛАДА;lada.2104;2104;2104120
179;lada;ЛАДА;lada.2104;2104;ВАЗ21041
179;lada;ЛАДА;lada.2104;2104;21043
179;lada;ЛАДА;lada.2104;2104;ВАЗ21043
180;lada;ЛАДА;lada.2105;2105;2105
180;lada;ЛАДА;lada.2105;2105;ВАЗ2105
180;lada;ЛАДА;lada.2105;2105;21051
180;lada;ЛАДА;lada.2105;2105;ВАЗ21051
180;lada;ЛАДА;lada.2105;2105;21053
180;lada;ЛАДА;lada.2105;2105;ВАЗ21053
181;lada;ЛАДА;lada.2106;2106;2106
181;lada;ЛАДА;lada.2106;2106;ВАЗ2106
181;lada;ЛАДА;lada.2106;2106;21060
181;lada;ЛАДА;lada.2106;2106;ВАЗ21060
181;lada;ЛАДА;lada.2106;2106;21061
181;lada;ЛАДА;lada.2106;2106;ВАЗ21061
181;lada;ЛАДА;lada.2106;2106;21063
181;lada;ЛАДА;lada.2106;2106;ВАЗ21063
181;lada;ЛАДА;lada.2106;2106;21065
181;lada;ЛАДА;lada.2106;2106;ВАЗ21065
182;lada;ЛАДА;lada.2107;2107;2107
182;lada;ЛАДА;lada.2107;2107;ВАЗ2107
182;lada;ЛАДА;lada.2107;2107;21070
182;lada;ЛАДА;lada.2107;2107;ВАЗ21070
182;lada;ЛАДА;lada.2107;2107;21073
182;lada;ЛАДА;lada.2107;2107;ВАЗ21073
182;lada;ЛАДА;lada.2107;2107;21074
182;lada;ЛАДА;lada.2107;2107;ВАЗ21074
182;lada;ЛАДА;lada.2107;2107;21074LADA2107
182;lada;ЛАДА;lada.2107;2107;21074LАDА2107
182;lada;ЛАДА;lada.2107;2107;21074ЛАДА2107
182;lada;ЛАДА;lada.2107;2107;210740
182;lada;ЛАДА;lada.2107;2107;ВАЗ210740
182;lada;ЛАДА;lada.2107;2107;210740ЛАДА2107
183;lada;ЛАДА;lada.2108;2108;2108
183;lada;ЛАДА;lada.2108;2108;ВАЗ2108
183;lada;ЛАДА;lada.2108;2108;21083
183;lada;ЛАДА;lada.2108;2108;ВАЗ21083
184;lada;ЛАДА;lada.2109;2109;2109
184;lada;ЛАДА;lada.2109;2109;ВАЗ2109
184;lada;ЛАДА;lada.2109;2109;21093
184;lada;ЛАДА;lada.2109;2109;ВАЗ21093
184;lada;ЛАДА;lada.2109;2109;ВАЗ210930
184;lada;ЛАДА;lada.2109;2109;210930
185;lada;ЛАДА;lada.2110;2110;2110
185;lada;ЛАДА;lada.2110;2110;ВАЗ2110
185;lada;ЛАДА;lada.2110;2110;21100
185;lada;ЛАДА;lada.2110;2110;ВАЗ21100
185;lada;ЛАДА;lada.2110;2110;21101
185;lada;ЛАДА;lada.2110;2110;ВАЗ21101
185;lada;ЛАДА;lada.2110;2110;21102
185;lada;ЛАДА;lada.2110;2110;ВАЗ21102
185;lada;ЛАДА;lada.2110;2110;21103
185;lada;ЛАДА;lada.2110;2110;ВАЗ21103
185;lada;ЛАДА;lada.2110;2110;21103М
185;lada;ЛАДА;lada.2110;2110;21104
185;lada;ЛАДА;lada.2110;2110;ВАЗ21104
185;lada;ЛАДА;lada.2110;2110;21104М
185;lada;ЛАДА;lada.2110;2110;21104LADA110LАDА110
186;lada;ЛАДА;lada.2111;2111;2111
186;lada;ЛАДА;lada.2111;2111;ВАЗ2111
186;lada;ЛАДА;lada.2111;2111;21110
186;lada;ЛАДА;lada.2111;2111;ВАЗ21110
186;lada;ЛАДА;lada.2111;2111;21111
186;lada;ЛАДА;lada.2111;2111;ВАЗ21111
186;lada;ЛАДА;lada.2111;2111;21112
186;lada;ЛАДА;lada.2111;2111;ВАЗ21112
186;lada;ЛАДА;lada.2111;2111;21113
186;lada;ЛАДА;lada.2111;2111;ВАЗ21113
186;lada;ЛАДА;lada.2111;2111;21114
186;lada;ЛАДА;lada.2111;2111;ВАЗ21114
186;lada;ЛАДА;lada.2111;2111;21116
186;lada;ЛАДА;lada.2111;2111;21116-04
187;lada;ЛАДА;lada.2112;2112;2112
187;lada;ЛАДА;lada.2112;2112;ВАЗ2112
187;lada;ЛАДА;lada.2112;2112;21120
187;lada;ЛАДА;lada.2112;2112;ВАЗ21120
187;lada;ЛАДА;lada.2112;2112;21121
187;lada;ЛАДА;lada.2112;2112;ВАЗ21121
187;lada;ЛАДА;lada.2112;2112;21122
187;lada;ЛАДА;lada.2112;2112;ВАЗ21122
187;lada;ЛАДА;lada.2112;2112;21123
187;lada;ЛАДА;lada.2112;2112;ВАЗ21123
187;lada;ЛАДА;lada.2112;2112;21124
187;lada;ЛАДА;lada.2112;2112;ВАЗ21124
187;lada;ЛАДА;lada.2112;2112;21124ЛАДА112
187;lada;ЛАДА;lada.2112;2112;211210
187;lada;ЛАДА;lada.2112;2112;ВАЗ211210
187;lada;ЛАДА;lada.2112;2112;211240
188;lada;ЛАДА;lada.2113;2113;2113
188;lada;ЛАДА;lada.2113;2113;ВАЗ2113
188;lada;ЛАДА;lada.2113;2113;211340
189;lada;ЛАДА;lada.2114;2114;2114
189;lada;ЛАДА;lada.2114;2114;ВАЗ2114
189;lada;ЛАДА;lada.2114;2114;21140
189;lada;ЛАДА;lada.2114;2114;21140LADASAMARA
189;lada;ЛАДА;lada.2114;2114;21140ЛАДАСАМАРА
189;lada;ЛАДА;lada.2114;2114;ВАЗ21140LАDАSАМАRА
189;lada;ЛАДА;lada.2114;2114;21144
189;lada;ЛАДА;lada.2114;2114;ВАЗ21144
189;lada;ЛАДА;lada.2114;2114;211440
189;lada;ЛАДА;lada.2114;2114;211440LADASAMARA
189;lada;ЛАДА;lada.2114;2114;211440ЛАДАСАМАРА
189;lada;ЛАДА;lada.2114;2114;21144LADASAMARA
189;lada;ЛАДА;lada.2114;2114;21144ЛАДАСАМАРА
189;lada;ЛАДА;lada.2114;2114;LАDА211440
190;lada;ЛАДА;lada.2115;2115;2115
190;lada;ЛАДА;lada.2115;2115;ВАЗ2115
190;lada;ЛАДА;lada.2115;2115;21150
190;lada;ЛАДА;lada.2115;2115;ВАЗ21150
190;lada;ЛАДА;lada.2115;2115;21150LADASAMARA
190;lada;ЛАДА;lada.2115;2115;21154
190;lada;ЛАДА;lada.2115;2115;211540
190;lada;ЛАДА;lada.2115;2115;211540ЛАДАСАМАРА
190;lada;ЛАДА;lada.2115;2115;21154LADASAMARA
191;lada;ЛАДА;lada.2121;2121;2121
191;lada;ЛАДА;lada.2121;2121;ВАЗ2121
191;lada;ЛАДА;lada.2121;2121;21213
191;lada;ЛАДА;lada.2121;2121;ВАЗ21213
191;lada;ЛАДА;lada.2121;2121;21214
191;lada;ЛАДА;lada.2121;2121;ВАЗ21214
191;lada;ЛАДА;lada.2121;2121;212140
191;lada;ЛАДА;lada.2121;2121;ВАЗ212140
192;lada;ЛАДА;lada.2131;2131;2131
192;lada;ЛАДА;lada.2131;2131;ВАЗ2131
192;lada;ЛАДА;lada.2131;2131;21310
192;lada;ЛАДА;lada.2131;2131;ВАЗ21310
192;lada;ЛАДА;lada.2131;2131;213100
192;lada;ЛАДА;lada.2131;2131;21312
192;lada;ЛАДА;lada.2131;2131;ВАЗ21312
193;lada;ЛАДА;lada.21099;21099;21099
193;lada;ЛАДА;lada.21099;21099;ВАЗ21099
194;lada;ЛАДА;lada.vesta;VESTA;VESTA
194;lada;ЛАДА;lada.vesta;VESTA;ВЕСТА
194;lada;ЛАДА;lada.vesta;VESTA;VESTASW
195;lada;ЛАДА;lada.vis_2349;ВИС 2349;ВИС2349
196;lada;ЛАДА;lada.granta;GRANTA;GRANTA
196;lada;ЛАДА;lada.granta;GRANTA;219000
196;lada;ЛАДА;lada.granta;GRANTA;219010
196;lada;ЛАДА;lada.granta;GRANTA;219050
196;lada;ЛАДА;lada.granta;GRANTA;219060
196;lada;ЛАДА;lada.granta;GRANTA;219068
196;lada;ЛАДА;lada.granta;GRANTA;219110
196;lada;ЛАДА;lada.granta;GRANTA;LАDА219010
196;lada;ЛАДА;lada.granta;GRANTA;LADA219010
196;lada;ЛАДА;lada.granta;GRANTA;LАDА219110LАDАGRАNТА
196;lada;ЛАДА;lada.granta;GRANTA;LАDА219110GRАNТА
196;lada;ЛАДА;lada.granta;GRANTA;LАDА219020
196;lada;ЛАДА;lada.granta;GRANTA;LАDА219120GRАNТА
196;lada;ЛАДА;lada.granta;GRANTA;FS045L2109060GRANTA
197;lada;ЛАДА;lada.xray;XRAY;XRAY
197;lada;ЛАДА;lada.xray;XRAY;XRAYGAB320
198;lada;ЛАДА;lada.kalina;KALINA;KALINA
198;lada;ЛАДА;lada.kalina;KALINA;КАЛИНА
198;lada;ЛАДА;lada.kalina;KALINA;ЛАДАКАЛИНА
198;lada;ЛАДА;lada.kalina;KALINA;11173
198;lada;ЛАДА;lada.kalina;KALINA;11183
198;lada;ЛАДА;lada.kalina;KALINA;11183ЛАДАКАЛИНА
198;lada;ЛАДА;lada.kalina;KALINA;11193
198;lada;ЛАДА;lada.kalina;KALINA;11193ЛАДАКАЛИНА
198;lada;ЛАДА;lada.kalina;KALINA;111930
198;lada;ЛАДА;lada.kalina;KALINA;11194
198;lada;ЛАДА;lada.kalina;KALINA;11194ЛАДАКАЛИНА
198;lada;ЛАДА;lada.kalina;KALINA;ВАЗ11193LАDАКАLINА
199;lada;ЛАДА;lada.largus;LARGUS;LARGUS
200;lada;ЛАДА;lada.niva;NIVA;NIVA
201;lada;ЛАДА;lada.niva_legend;NIVA LEGEND;NIVALEGEND
202;lada;ЛАДА;lada.1111_oka;1111 ОКА;1111ОКА
202;lada;ЛАДА;lada.1111_oka;1111 ОКА;1111
202;lada;ЛАДА;lada.1111_oka;1111 ОКА;11113
202;lada;ЛАДА;lada.1111_oka;1111 ОКА;111130
203;lada;ЛАДА;lada.priora;PRIORA;PRIORA
203;lada;ЛАДА;lada.priora;PRIORA;LADAPRIORA
203;lada;ЛАДА;lada.priora;PRIORA;ЛАДАПРИОРА
203;lada;ЛАДА;lada.priora;PRIORA;ПРИОРА
203;lada;ЛАДА;lada.priora;PRIORA;2170
203;lada;ЛАДА;lada.priora;PRIORA;21703
203;lada;ЛАДА;lada.priora;PRIORA;217030
203;lada;ЛАДА;lada.priora;PRIORA;217050
203;lada;ЛАДА;lada.priora;PRIORA;217030LADAPRIORA
203;lada;ЛАДА;lada.priora;PRIORA;21703LADAPRIORA
203;lada;ЛАДА;lada.priora;PRIORA;21703ЛАДАПРИОРА
203;lada;ЛАДА;lada.priora;PRIORA;2171
203;lada;ЛАДА;lada.priora;PRIORA;217130
203;lada;ЛАДА;lada.priora;PRIORA;217130LADAPRIORA
203;lada;ЛАДА;lada.priora;PRIORA;21713LADAPRIORA
203;lada;ЛАДА;lada.priora;PRIORA;21713ЛАДАПРИОРА
203;lada;ЛАДА;lada.priora;PRIORA;2172
203;lada;ЛАДА;lada.priora;PRIORA;217230
203;lada;ЛАДА;lada.priora;PRIORA;217230LАDАРRIОRА
203;lada;ЛАДА;lada.priora;PRIORA;217230ЛАДАПРИОРА
203;lada;ЛАДА;lada.priora;PRIORA;LАDА217230LАDАРRIОRА
204;ldv;ЛДВ;ldv.maxus;MAXUS;MAXUS
205;lexus;ЛЕКСУС;lexus.gx;GX;GX
205;lexus;ЛЕКСУС;lexus.gx;GX;GX460
205;lexus;ЛЕКСУС;lexus.gx;GX;LEXUSGX460
205;lexus;ЛЕКСУС;lexus.gx;GX;GX460URJ150LGKTZKW
205;lexus;ЛЕКСУС;lexus.gx;GX;GX470
206;lexus;ЛЕКСУС;lexus.es;ES;ES
206;lexus;ЛЕКСУС;lexus.es;ES;ES350
206;lexus;ЛЕКСУС;lexus.es;ES;ES250
207;lexus;ЛЕКСУС;lexus.lx;LX;LX
207;lexus;ЛЕКСУС;lexus.lx;LX;LX470
207;lexus;ЛЕКСУС;lexus.lx;LX;LX570
207;lexus;ЛЕКСУС;lexus.lx;LX;LX450D
207;lexus;ЛЕКСУС;lexus.lx;LX;LX450DVDJ201LGMTGZW
207;lexus;ЛЕКСУС;lexus.lx;LX;LX570URJ201LGNZGKW
208;lexus;ЛЕКСУС;lexus.nx;NX;NX
208;lexus;ЛЕКСУС;lexus.nx;NX;NX200
208;lexus;ЛЕКСУС;lexus.nx;NX;NX200T
208;lexus;ЛЕКСУС;lexus.nx;NX;NX300
209;lexus;ЛЕКСУС;lexus.rx;RX;RX
209;lexus;ЛЕКСУС;lexus.rx;RX;RX200T
209;lexus;ЛЕКСУС;lexus.rx;RX;RX300
209;lexus;ЛЕКСУС;lexus.rx;RX;RX300AGL25LAWTGZW
209;lexus;ЛЕКСУС;lexus.rx;RX;RX330
209;lexus;ЛЕКСУС;lexus.rx;RX;RX350
210;land_rover;ЛЕНД РОВЕР;land_rover.defender;DEFENDER;DEFENDER
211;land_rover;ЛЕНД РОВЕР;land_rover.discovery;DISCOVERY;DISCOVERY
211;land_rover;ЛЕНД РОВЕР;land_rover.discovery;DISCOVERY;ЛЕНДРОВЕРДИСКОВЕРИ 3
211;land_rover;ЛЕНД РОВЕР;land_rover.discovery;DISCOVERY;ДИСКАВЕРИ4
212;land_rover;ЛЕНД РОВЕР;land_rover.range_rover;RANGE ROVER;RANGEROVER
212;land_rover;ЛЕНД РОВЕР;land_rover.range_rover;RANGE ROVER;ЛАНДРОВЕРРЕНДЖРОВЕР
212;land_rover;ЛЕНД РОВЕР;land_rover.range_rover;RANGE ROVER;РЕЙНДЖРОВЕР
213;land_rover;ЛЕНД РОВЕР;land_rover.range_rover_sport;RANGE ROVER SPORT;RANGEROVERSPORT
213;land_rover;ЛЕНД РОВЕР;land_rover.range_rover_sport;RANGE ROVER SPORT;ЛЕНДРОВЕРСПОРТ
213;land_rover;ЛЕНД РОВЕР;land_rover.range_rover_sport;RANGE ROVER SPORT;РЕЙНДЖРОВЕРСПОРТ
213;land_rover;ЛЕНД РОВЕР;land_rover.range_rover_sport;RANGE ROVER SPORT;РЕНДЖРОВЕРСПОРТ
214;land_rover;ЛЕНД РОВЕР;land_rover.range_rover_evoque;RANGE ROVER EVOQUE;RANGEROVEREVOQUE
215;land_rover;ЛЕНД РОВЕР;land_rover.freelander;FREELANDER;FREELANDER
215;land_rover;ЛЕНД РОВЕР;land_rover.freelander;FREELANDER;FREELANDER2
215;land_rover;ЛЕНД РОВЕР;land_rover.freelander;FREELANDER;ФРИЛЕНДЕР
216;liaz;ЛИАЗ;liaz.4292;4292;4292
217;liaz;ЛИАЗ;liaz.5292;5292;5292
218;liaz;ЛИАЗ;liaz.6213;6213;6213
219;liaz;ЛИАЗ;liaz.6274;6274;6274
220;livan;ЛИВАН;livan.x3_pro;X3 PRO;X3PRO
221;livan;ЛИВАН;livan.x6_pro;X6 PRO;X6PRO
222;livan;ЛИВАН;livan.s6_pro;S6 PRO;S6PRO
223;lincoln;ЛИНКОЛЬН;lincoln.aviator;AVIATOR;AVIATOR
224;lincoln;ЛИНКОЛЬН;lincoln.navigator;NAVIGATOR;NAVIGATOR
225;lincoln;ЛИНКОЛЬН;lincoln.town_car;TOWN CAR;TOWNCAR
226;lixiang;ЛИСЯН;lixiang.l6;L6;L6
227;lixiang;ЛИСЯН;lixiang.l7;L7;L7
228;lixiang;ЛИСЯН;lixiang.l9;L9;L9
229;lifan;ЛИФАН;lifan.breez;BREEZ;BREEZ
229;lifan;ЛИФАН;lifan.breez;BREEZ;214801
229;lifan;ЛИФАН;lifan.breez;BREEZ;214811
230;lifan;ЛИФАН;lifan.x60;X60;X60
230;lifan;ЛИФАН;lifan.x60;X60;215800
231;lifan;ЛИФАН;lifan.smily;SMILY;SMILY
231;lifan;ЛИФАН;lifan.smily;SMILY;113300
232;lifan;ЛИФАН;lifan.solano;SOLANO;SOLANO
232;lifan;ЛИФАН;lifan.solano;SOLANO;SOLANOII
232;lifan;ЛИФАН;lifan.solano;SOLANO;214845
232;lifan;ЛИФАН;lifan.solano;SOLANO;214813
233;maz;МАЗ;maz.203;203;203
234;maz;МАЗ;maz.206;206;206
235;maz;МАЗ;maz.5440;5440;5440
236;maz;МАЗ;maz.6501;6501;6501
237;mazda;МАЗДА;mazda.3;3;3
238;mazda;МАЗДА;mazda.6;6;6
239;mazda;МАЗДА;mazda.bongo;BONGO;BONGO
239;mazda;МАЗДА;mazda.bongo;BONGO;БОНГО
240;mazda;МАЗДА;mazda.bt-50;BT-50;BT50
241;mazda;МАЗДА;mazda.titan;TITAN;TITAN
241;mazda;МАЗДА;mazda.titan;TITAN;ТИТАН
242;mazda;МАЗДА;mazda.cx-5;CX-5;CX5
242;mazda;МАЗДА;mazda.cx-5;CX-5;ЦИКС5
243;mazda;МАЗДА;mazda.cx-7;CX-7;CX7
243;mazda;МАЗДА;mazda.cx-7;CX-7;ЦИКС7
244;maserati;МАЗЕРАТИ;maserati.levante;LEVANTE;LEVANTE
245;man;МАН;man.lion’s_intercity;LION’S INTERCITY;LIONSINTERCITY
245;man;МАН;man.lion’s_intercity;LION’S INTERCITY;R60
245;man;МАН;man.lion’s_intercity;LION’S INTERCITY;LIONSINTERCITYR60
246;man;МАН;man.lion’s_coach;LION’S COACH;LIONSCOACH
246;man;МАН;man.lion’s_coach;LION’S COACH;LIОNSСОАСНLR08
247;man;МАН;man.le2000;LE/L 2000;LEL2000
248;man;МАН;man.tga;TGA;TGA
248;man;МАН;man.tga;TGA;ТГА
248;man;МАН;man.tga;TGA;TGA184804X2BLS
249;man;МАН;man.tgl;TGL;TGL
250;man;МАН;man.tgs;TGS;TGS
250;man;МАН;man.tgs;TGS;ТГС
251;mercedes-benz;МЕРСЕДЕС-БЕНЦ;mercedes-benz.a-class;A-CLASS;ACLASS
251;mercedes-benz;МЕРСЕДЕС-БЕНЦ;mercedes-benz.a-class;A-CLASS;A200
252;mercedes-benz;МЕРСЕДЕС-БЕНЦ;mercedes-benz.axor;AXOR;AXOR
252;mercedes-benz;МЕРСЕДЕС-БЕНЦ;mercedes-benz.axor;AXOR;АКСОР
253;mercedes-benz;МЕРСЕДЕС-БЕНЦ;mercedes-benz.actros;ACTROS;ACTROS
253;mercedes-benz;МЕРСЕДЕС-БЕНЦ;mercedes-benz.actros;ACTROS;1843
253;mercedes-benz;МЕРСЕДЕС-БЕНЦ;mercedes-benz.actros;ACTROS;1851
254;mercedes-benz;МЕРСЕДЕС-БЕНЦ;mercedes-benz.atego;ATEGO;ATEGO
255;mercedes-benz;МЕРСЕДЕС-БЕНЦ;mercedes-benz.b-class;B-CLASS;BCLASS
255;mercedes-benz;МЕРСЕДЕС-БЕНЦ;mercedes-benz.b-class;B-CLASS;B200TURBO
256;mercedes-benz;МЕРСЕДЕС-БЕНЦ;mercedes-benz.g-class;G-CLASS;GCLASS
256;mercedes-benz;МЕРСЕДЕС-БЕНЦ;mercedes-benz.g-class;G-CLASS;GCLASSG400D
256;mercedes-benz;МЕРСЕДЕС-БЕНЦ;mercedes-benz.g-class;G-CLASS;G500
257;mercedes-benz;МЕРСЕДЕС-БЕНЦ;mercedes-benz.v-class;V-CLASS;VCLASS
257;mercedes-benz;МЕРСЕДЕС-БЕНЦ;mercedes-benz.v-class;V-CLASS;V250D4MATIC
257;mercedes-benz;МЕРСЕДЕС-БЕНЦ;mercedes-benz.v-class;V-CLASS;V250BLUETEC
258;mercedes-benz;МЕРСЕДЕС-БЕНЦ;mercedes-benz.vito;VITO;VITO
258;mercedes-benz;МЕРСЕДЕС-БЕНЦ;mercedes-benz.vito;VITO;ВИТО
258;mercedes-benz;МЕРСЕДЕС-БЕНЦ;mercedes-benz.vito;VITO;ВИТО111
258;mercedes-benz;МЕРСЕДЕС-БЕНЦ;mercedes-benz.vito;VITO;ВИТОТАУРЕР119BLUETEC4X4
258;mercedes-benz;МЕРСЕДЕС-БЕНЦ;mercedes-benz.vito;VITO;МЕРСЕДЕСБЕНЦVITO111CDI
258;mercedes-benz;МЕРСЕДЕС-БЕНЦ;mercedes-benz.vito;VITO;МЕРСЕДЕСБЕНЦVIТО113СD
259;mercedes-benz;МЕРСЕДЕС-БЕНЦ;mercedes-benz.g-class_amg;G-CLASS AMG;GCLASSAMG
259;mercedes-benz;МЕРСЕДЕС-БЕНЦ;mercedes-benz.g-class_amg;G-CLASS AMG;AMGG63
259;mercedes-benz;МЕРСЕДЕС-БЕНЦ;mercedes-benz.g-class_amg;G-CLASS AMG;GCLASSAMGG63
260;mercedes-benz;МЕРСЕДЕС-БЕНЦ;mercedes-benz.gl-class;GL-CLASS;GLCLASS
260;mercedes-benz;МЕРСЕДЕС-БЕНЦ;mercedes-benz.gl-class;GL-CLASS;GL350BLUETEC
260;mercedes-benz;МЕРСЕДЕС-БЕНЦ;mercedes-benz.gl-class;GL-CLASS;GL350BLUETEC4MATIC
260;mercedes-benz;МЕРСЕДЕС-БЕНЦ;mercedes-benz.gl-class;GL-CLASS;GL350CDI4MATIC
260;mercedes-benz;МЕРСЕДЕС-БЕНЦ;mercedes-benz.gl-class;GL-CLASS;GL4504MATIC
260;mercedes-benz;МЕРСЕДЕС-БЕНЦ;mercedes-benz.gl-class;GL-CLASS;GL5004MATIC
261;mercedes-benz;МЕРСЕДЕС-БЕНЦ;mercedes-benz.gle;GLE;GLE
261;mercedes-benz;МЕРСЕДЕС-БЕНЦ;mercedes-benz.gle;GLE;MERCEDESBENZGLE
261;mercedes-benz;МЕРСЕДЕС-БЕНЦ;mercedes-benz.gle;GLE;GLE300D4MATIC
261;mercedes-benz;МЕРСЕДЕС-БЕНЦ;mercedes-benz.gle;GLE;GLE350D4MATIC
261;mercedes-benz;МЕРСЕДЕС-БЕНЦ;mercedes-benz.gle;GLE;GLE350D4MATICGLE350D4M
262;mercedes-benz;МЕРСЕДЕС-БЕНЦ;mercedes-benz.glk-class;GLK-CLASS;GLKCLASS
262;mercedes-benz;МЕРСЕДЕС-БЕНЦ;mercedes-benz.glk-class;GLK-CLASS;GLK2504MATIC
263;mercedes-benz;МЕРСЕДЕС-БЕНЦ;mercedes-benz.gls;GLS;GLS
263;mercedes-benz;МЕРСЕДЕС-БЕНЦ;mercedes-benz.gls;GLS;GLS350D4MATIC
264;mercedes-benz;МЕРСЕДЕС-БЕНЦ;mercedes-benz.glc;GLC;GLC
264;mercedes-benz;МЕРСЕДЕС-БЕНЦ;mercedes-benz.glc;GLC;GLC220D4MATIC
264;mercedes-benz;МЕРСЕДЕС-БЕНЦ;mercedes-benz.glc;GLC;GLC3004MATIC
265;mercedes-benz;МЕРСЕДЕС-БЕНЦ;mercedes-benz.e-class;E-CLASS;ECLASS
265;mercedes-benz;МЕРСЕДЕС-БЕНЦ;mercedes-benz.e-class;E-CLASS;E200
265;mercedes-benz;МЕРСЕДЕС-БЕНЦ;mercedes-benz.e-class;E-CLASS;МЕРСЕДЕСБЕНЦE2004MATIC
265;mercedes-benz;МЕРСЕДЕС-БЕНЦ;mercedes-benz.e-class;E-CLASS;МЕРСЕДЕСБЕНЦE200D
265;mercedes-benz;МЕРСЕДЕС-БЕНЦ;mercedes-benz.e-class;E-CLASS;MERCEDESBENZE200
265;mercedes-benz;МЕРСЕДЕС-БЕНЦ;mercedes-benz.e-class;E-CLASS;E2004MATIC
265;mercedes-benz;МЕРСЕДЕС-БЕНЦ;mercedes-benz.e-class;E-CLASS;E200CGI
265;mercedes-benz;МЕРСЕДЕС-БЕНЦ;mercedes-benz.e-class;E-CLASS;E200COMPRESSOR
265;mercedes-benz;МЕРСЕДЕС-БЕНЦ;mercedes-benz.e-class;E-CLASS;ECLASSE2004MATIC
265;mercedes-benz;МЕРСЕДЕС-БЕНЦ;mercedes-benz.e-class;E-CLASS;E220
265;mercedes-benz;МЕРСЕДЕС-БЕНЦ;mercedes-benz.e-class;E-CLASS;E220D4MATIC
265;mercedes-benz;МЕРСЕДЕС-БЕНЦ;mercedes-benz.e-class;E-CLASS;E220CDI
265;mercedes-benz;МЕРСЕДЕС-БЕНЦ;mercedes-benz.e-class;E-CLASS;E240
265;mercedes-benz;МЕРСЕДЕС-БЕНЦ;mercedes-benz.e-class;E-CLASS;E240AT
265;mercedes-benz;МЕРСЕДЕС-БЕНЦ;mercedes-benz.e-class;E-CLASS;E240ATElEGANCE
265;mercedes-benz;МЕРСЕДЕС-БЕНЦ;mercedes-benz.e-class;E-CLASS;E240ElEGANCE
265;mercedes-benz;МЕРСЕДЕС-БЕНЦ;mercedes-benz.e-class;E-CLASS;E240ЭЛЕГАНС
265;mercedes-benz;МЕРСЕДЕС-БЕНЦ;mercedes-benz.e-class;E-CLASS;E300
265;mercedes-benz;МЕРСЕДЕС-БЕНЦ;mercedes-benz.e-class;E-CLASS;E4004МАТИК
265;mercedes-benz;МЕРСЕДЕС-БЕНЦ;mercedes-benz.e-class;E-CLASS;E4004MATIC
265;mercedes-benz;МЕРСЕДЕС-БЕНЦ;mercedes-benz.e-class;E-CLASS;МЕРСЕДЕСБЕНЦE500
266;mercedes-benz;МЕРСЕДЕС-БЕНЦ;mercedes-benz.conecto_2;CONECTO 2;CONECTO2
267;mercedes-benz;МЕРСЕДЕС-БЕНЦ;mercedes-benz.m-class;M-CLASS;MCLASS
267;mercedes-benz;МЕРСЕДЕС-БЕНЦ;mercedes-benz.m-class;M-CLASS;MERCEDESBENZML350
267;mercedes-benz;МЕРСЕДЕС-БЕНЦ;mercedes-benz.m-class;M-CLASS;ML3004MATIC
267;mercedes-benz;МЕРСЕДЕС-БЕНЦ;mercedes-benz.m-class;M-CLASS;ML320
267;mercedes-benz;МЕРСЕДЕС-БЕНЦ;mercedes-benz.m-class;M-CLASS;ML3504MATIC
267;mercedes-benz;МЕРСЕДЕС-БЕНЦ;mercedes-benz.m-class;M-CLASS;ML350CDI4MATIC
267;mercedes-benz;МЕРСЕДЕС-БЕНЦ;mercedes-benz.m-class;M-CLASS;МЕРСЕДЕСБЕНЦMCLASSML350
268;mercedes-benz;МЕРСЕДЕС-БЕНЦ;mercedes-benz.r-class;R-CLASS;RCLASS
268;mercedes-benz;МЕРСЕДЕС-БЕНЦ;mercedes-benz.r-class;R-CLASS;R350
268;mercedes-benz;МЕРСЕДЕС-БЕНЦ;mercedes-benz.r-class;R-CLASS;R350AWD
269;mercedes-benz;МЕРСЕДЕС-БЕНЦ;mercedes-benz.s-class;S-CLASS;SCLASS
269;mercedes-benz;МЕРСЕДЕС-БЕНЦ;mercedes-benz.s-class;S-CLASS;S320
269;mercedes-benz;МЕРСЕДЕС-БЕНЦ;mercedes-benz.s-class;S-CLASS;S350BLUETEC4MATIC
269;mercedes-benz;МЕРСЕДЕС-БЕНЦ;mercedes-benz.s-class;S-CLASS;S400D4MATIC
269;mercedes-benz;МЕРСЕДЕС-БЕНЦ;mercedes-benz.s-class;S-CLASS;S4004MATICMAYBACH
269;mercedes-benz;МЕРСЕДЕС-БЕНЦ;mercedes-benz.s-class;S-CLASS;S500
269;mercedes-benz;МЕРСЕДЕС-БЕНЦ;mercedes-benz.s-class;S-CLASS;S5004MATIC
269;mercedes-benz;МЕРСЕДЕС-БЕНЦ;mercedes-benz.s-class;S-CLASS;S5004MATICMAYBACH
270;mercedes-benz;МЕРСЕДЕС-БЕНЦ;mercedes-benz.sprinter;SPRINTER;SPRINTER
270;mercedes-benz;МЕРСЕДЕС-БЕНЦ;mercedes-benz.sprinter;SPRINTER;223212
270;mercedes-benz;МЕРСЕДЕС-БЕНЦ;mercedes-benz.sprinter;SPRINTER;223685
270;mercedes-benz;МЕРСЕДЕС-БЕНЦ;mercedes-benz.sprinter;SPRINTER;SPRINTER311CDI
271;mercedes-benz;МЕРСЕДЕС-БЕНЦ;mercedes-benz.sprinter_classic;SPRINTER CLASSIC;SPRINTERCLASSIC
272;mercedes-benz;МЕРСЕДЕС-БЕНЦ;mercedes-benz.tourismo;TOURISMO;TOURISMO
273;mercedes-benz;МЕРСЕДЕС-БЕНЦ;mercedes-benz.c-class;C-CLASS;CCLASS
273;mercedes-benz;МЕРСЕДЕС-БЕНЦ;mercedes-benz.c-class;C-CLASS;C180
273;mercedes-benz;МЕРСЕДЕС-БЕНЦ;mercedes-benz.c-class;C-CLASS;MERCEDESBENZC180КОМПРЕССОР
273;mercedes-benz;МЕРСЕДЕС-БЕНЦ;mercedes-benz.c-class;C-CLASS;C200
273;mercedes-benz;МЕРСЕДЕС-БЕНЦ;mercedes-benz.c-class;C-CLASS;200
273;mercedes-benz;МЕРСЕДЕС-БЕНЦ;mercedes-benz.c-class;C-CLASS;C200ELEGANCE
273;mercedes-benz;МЕРСЕДЕС-БЕНЦ;mercedes-benz.c-class;C-CLASS;МЕРСЕДЕСБЕНЦC220CDI
273;mercedes-benz;МЕРСЕДЕС-БЕНЦ;mercedes-benz.c-class;C-CLASS;C230K
274;mercedes-benz;МЕРСЕДЕС-БЕНЦ;mercedes-benz.cla;CLA;CLA
274;mercedes-benz;МЕРСЕДЕС-БЕНЦ;mercedes-benz.cla;CLA;CLA200
275;mercedes-benz;МЕРСЕДЕС-БЕНЦ;mercedes-benz.cls;CLS;CLS
275;mercedes-benz;МЕРСЕДЕС-БЕНЦ;mercedes-benz.cls;CLS;CLS320CDI
275;mercedes-benz;МЕРСЕДЕС-БЕНЦ;mercedes-benz.cls;CLS;CLS350
276;mini;МИНИ;mini.countryman;COUNTRYMAN;COUNTRYMAN
276;mini;МИНИ;mini.countryman;COUNTRYMAN;КУПЕРКАНТРИМЕН
277;mini;МИНИ;mini.hatch;HATCH;HATCH
278;mitsubishi;МИЦУБИСИ;mitsubishi.asx;ASX;ASX
278;mitsubishi;МИЦУБИСИ;mitsubishi.asx;ASX;АСХ
278;mitsubishi;МИЦУБИСИ;mitsubishi.asx;ASX;ASX18
279;mitsubishi;МИЦУБИСИ;mitsubishi.outlander;OUTLANDER;OUTLANDER
279;mitsubishi;МИЦУБИСИ;mitsubishi.outlander;OUTLANDER;АУТЛЕНДЕР
279;mitsubishi;МИЦУБИСИ;mitsubishi.outlander;OUTLANDER;OUTLANDER24
279;mitsubishi;МИЦУБИСИ;mitsubishi.outlander;OUTLANDER;АУТЛЕНДЕР24
279;mitsubishi;МИЦУБИСИ;mitsubishi.outlander;OUTLANDER;ОУТЛАНДЕР
279;mitsubishi;МИЦУБИСИ;mitsubishi.outlander;OUTLANDER;АУТЛЭНДЭР
280;mitsubishi;МИЦУБИСИ;mitsubishi.delica;DELICA;DELICA
281;mitsubishi;МИЦУБИСИ;mitsubishi.canter;САNТЕR;САNТЕR
281;mitsubishi;МИЦУБИСИ;mitsubishi.canter;САNТЕR;47012A
281;mitsubishi;МИЦУБИСИ;mitsubishi.canter;САNТЕR;47064A
282;mitsubishi;МИЦУБИСИ;mitsubishi.l200;L200;L200
282;mitsubishi;МИЦУБИСИ;mitsubishi.l200;L200;L20024
282;mitsubishi;МИЦУБИСИ;mitsubishi.l200;L200;L20025
283;mitsubishi;МИЦУБИСИ;mitsubishi.lancer;LANCER;LANCER
283;mitsubishi;МИЦУБИСИ;mitsubishi.lancer;LANCER;LANCER18
283;mitsubishi;МИЦУБИСИ;mitsubishi.lancer;LANCER;ЛАНСЕР
283;mitsubishi;МИЦУБИСИ;mitsubishi.lancer;LANCER;ЛАНСЕР13
283;mitsubishi;МИЦУБИСИ;mitsubishi.lancer;LANCER;ЛАНСЕР13GLI
283;mitsubishi;МИЦУБИСИ;mitsubishi.lancer;LANCER;ЛАНСЕР15
283;mitsubishi;МИЦУБИСИ;mitsubishi.lancer;LANCER;ЛАНСЕР16
283;mitsubishi;МИЦУБИСИ;mitsubishi.lancer;LANCER;ЛАНСЕР18
283;mitsubishi;МИЦУБИСИ;mitsubishi.lancer;LANCER;ЛАНСЕР1818
283;mitsubishi;МИЦУБИСИ;mitsubishi.lancer;LANCER;ЛАНСЕР20
284;mitsubishi;МИЦУБИСИ;mitsubishi.pajero;PAJERO;PAJERO
284;mitsubishi;МИЦУБИСИ;mitsubishi.pajero;PAJERO;ПАТЖЕРО
284;mitsubishi;МИЦУБИСИ;mitsubishi.pajero;PAJERO;ПАДЖЕРО
284;mitsubishi;МИЦУБИСИ;mitsubishi.pajero;PAJERO;ПАДЖЕРО30LWB
284;mitsubishi;МИЦУБИСИ;mitsubishi.pajero;PAJERO;PAJERO30LWB
284;mitsubishi;МИЦУБИСИ;mitsubishi.pajero;PAJERO;МИЦУБИСИПАТЖЕРО32
285;mitsubishi;МИЦУБИСИ;mitsubishi.fighter;FIGHTER;FIGHTER
286;moscvich;МОСКВИЧ;moscvich.3;3;3
286;moscvich;МОСКВИЧ;moscvich.3;3;3DA21AA015W
286;moscvich;МОСКВИЧ;moscvich.3;3;3JA1BAC1
287;neoplan;НЕОПЛАН;neoplan.cityliner;CITYLINER;CITYLINER
287;neoplan;НЕОПЛАН;neoplan.cityliner;CITYLINER;СИТИЛАЙНЕР
288;neoplan;НЕОПЛАН;neoplan.tourliner;TOURLINER;TOURLINER
288;neoplan;НЕОПЛАН;neoplan.tourliner;TOURLINER;ТУРЛАЙНЕР
289;nefaz;НЕФАЗ;nefaz.4208;4208;4208
290;nefaz;НЕФАЗ;nefaz.5299;5299;5299
291;nissan;НИССАН;nissan.almera;ALMERA;ALMERA
291;nissan;НИССАН;nissan.almera;ALMERA;АЛЬМЕРА
292;nissan;НИССАН;nissan.almera_classic;ALMERA CLASSIC;ALMERA CLASSIC
292;nissan;НИССАН;nissan.almera_classic;ALMERA CLASSIC;ALMERACLASSIC16SE
292;nissan;НИССАН;nissan.almera_classic;ALMERA CLASSIC;АЛМЕРАКЛАССИК
292;nissan;НИССАН;nissan.almera_classic;ALMERA CLASSIC;АЛЬМЕРАКЛАССИК16
293;nissan;НИССАН;nissan.atlas;ATLAS;ATLAS
293;nissan;НИССАН;nissan.atlas;ATLAS;АТЛАС
294;nissan;НИССАН;nissan.gloria;GLORIA;GLORIA
294;nissan;НИССАН;nissan.gloria;GLORIA;ГЛОРИЯ
295;nissan;НИССАН;nissan.juke;JUKE;JUKE
295;nissan;НИССАН;nissan.juke;JUKE;ДЖУК
295;nissan;НИССАН;nissan.juke;JUKE;ЖУК
296;nissan;НИССАН;nissan.diesel;DIESEL;DIESEL
297;nissan;НИССАН;nissan.qashqai;QASHQAI;QASHQAI
297;nissan;НИССАН;nissan.qashqai;QASHQAI;QASHQAI20
297;nissan;НИССАН;nissan.qashqai;QASHQAI;QASHQAIMR20ИП
297;nissan;НИССАН;nissan.qashqai;QASHQAI;КАШКАЙ
297;nissan;НИССАН;nissan.qashqai;QASHQAI;КАШКАЙ16SE
297;nissan;НИССАН;nissan.qashqai;QASHQAI;КАШКАЙ20SЕ
297;nissan;НИССАН;nissan.qashqai;QASHQAI;КАШКАЙ20
298;nissan;НИССАН;nissan.x-trail;X-TRAIL;XTRAIL
298;nissan;НИССАН;nissan.x-trail;X-TRAIL;XTRAILQR25ИП
298;nissan;НИССАН;nissan.x-trail;X-TRAIL;XTRAILMR20ИП
298;nissan;НИССАН;nissan.x-trail;X-TRAIL;XTRAIL20
298;nissan;НИССАН;nissan.x-trail;X-TRAIL;XTRAIL20SE
298;nissan;НИССАН;nissan.x-trail;X-TRAIL;ИКСТРЕЙЛ
299;nissan;НИССАН;nissan.cabstar;CABSTAR;CABSTAR
300;nissan;НИССАН;nissan.murano;MURANO;MURANO
300;nissan;НИССАН;nissan.murano;MURANO;МУРАНО
300;nissan;НИССАН;nissan.murano;MURANO;МУРАНО35SE
300;nissan;НИССАН;nissan.murano;MURANO;МУРАНО35
301;nissan;НИССАН;nissan.navara;NAVARA;NAVARA
301;nissan;НИССАН;nissan.navara;NAVARA;НАВАРА
302;nissan;НИССАН;nissan.note;NOTE;NOTE
302;nissan;НИССАН;nissan.note;NOTE;НОУТ
302;nissan;НИССАН;nissan.note;NOTE;НОУТ16
302;nissan;НИССАН;nissan.note;NOTE;НОУТ16ЛЮКСУРИ
302;nissan;НИССАН;nissan.note;NOTE;NOTEHYBRID
303;nissan;НИССАН;nissan.patrol;PATROL;PATROL
303;nissan;НИССАН;nissan.patrol;PATROL;ПАТРОЛ
303;nissan;НИССАН;nissan.patrol;PATROL;PATROL30ТDI
303;nissan;НИССАН;nissan.patrol;PATROL;ПАТРОЛ30DI
304;nissan;НИССАН;nissan.pathfinder;PATHFINDER;PATHFINDER
304;nissan;НИССАН;nissan.pathfinder;PATHFINDER;ПАТФАЙНДЕР
304;nissan;НИССАН;nissan.pathfinder;PATHFINDER;PATHFINDER25D
305;nissan;НИССАН;nissan.primera;PRIMERA;PRIMERA
305;nissan;НИССАН;nissan.primera;PRIMERA;ПРИМЕРА
305;nissan;НИССАН;nissan.primera;PRIMERA;PRIMERA16COMFORT
305;nissan;НИССАН;nissan.primera;PRIMERA;PRIMERAПРИМЕРА
306;nissan;НИССАН;nissan.serena;SERENA;SERENA
306;nissan;НИССАН;nissan.serena;SERENA;СЕРЕНА
306;nissan;НИССАН;nissan.serena;SERENA;SERENA HYBRID
307;nissan;НИССАН;nissan.stagea;STAGEA;STAGEA
308;nissan;НИССАН;nissan.terrano;TERRANO;TERRANO
308;nissan;НИССАН;nissan.terrano;TERRANO;TERRANOН4МИF4
308;nissan;НИССАН;nissan.terrano;TERRANO;TERRANOН4МИПЕ
308;nissan;НИССАН;nissan.terrano;TERRANO;ТЕРРАНО
309;nissan;НИССАН;nissan.teana;TEANA;TEANA
309;nissan;НИССАН;nissan.teana;TEANA;TEANA25
309;nissan;НИССАН;nissan.teana;TEANA;TEANA25LUXURY
309;nissan;НИССАН;nissan.teana;TEANA;ТЕАНА
309;nissan;НИССАН;nissan.teana;TEANA;ТЕАНА25
310;nissan;НИССАН;nissan.tiida;TIIDA;TIIDA
310;nissan;НИССАН;nissan.tiida;TIIDA;ТИИДА
310;nissan;НИССАН;nissan.tiida;TIIDA;ТИИДА16КОМФОРТ
310;nissan;НИССАН;nissan.tiida;TIIDA;ТИИДА16TEKHNA
311;omoda;ОМОДА;omoda.c5;C5;C5
311;omoda;ОМОДА;omoda.c5;C5;C5T34DPL4BL51E213T
312;omoda;ОМОДА;omoda.s5;S5;S5
313;opel;ОПЕЛЬ;opel.antara;ANTARA;ANTARA
313;opel;ОПЕЛЬ;opel.antara;ANTARA;АНТАРА
314;opel;ОПЕЛЬ;opel.astra;ASTRA;ASTRA
314;opel;ОПЕЛЬ;opel.astra;ASTRA;АСТРА
314;opel;ОПЕЛЬ;opel.astra;ASTRA;ASTRAAH
314;opel;ОПЕЛЬ;opel.astra;ASTRA;АСТРАAH
314;opel;ОПЕЛЬ;opel.astra;ASTRA;ASTRAWAGON
314;opel;ОПЕЛЬ;opel.astra;ASTRA;АСТРАСТАТИОНВАГОН
314;opel;ОПЕЛЬ;opel.astra;ASTRA;АСТРАGTCPJSW
314;opel;ОПЕЛЬ;opel.astra;ASTRA;АСТРАPJSWGTC
314;opel;ОПЕЛЬ;opel.astra;ASTRA;PJASTRA
315;opel;ОПЕЛЬ;opel.vectra;VECTRA;VECTRA
315;opel;ОПЕЛЬ;opel.vectra;VECTRA;ВЕКТРА
315;opel;ОПЕЛЬ;opel.vectra;VECTRA;ВЕКТРАVECTRA
316;opel;ОПЕЛЬ;opel.zafira;ZAFIRA;ZAFIRA
316;opel;ОПЕЛЬ;opel.zafira;ZAFIRA;ZAFIRATOURER
316;opel;ОПЕЛЬ;opel.zafira;ZAFIRA;ЗАФИРА
317;opel;ОПЕЛЬ;opel.insignia;INSIGNIA;INSIGNIA
317;opel;ОПЕЛЬ;opel.insignia;INSIGNIA;ИНСИГНИЯ
318;opel;ОПЕЛЬ;opel.combo;COMBO;COMBO
318;opel;ОПЕЛЬ;opel.combo;COMBO;КОМБО
319;opel;ОПЕЛЬ;opel.corsa;CORSA;CORSA
319;opel;ОПЕЛЬ;opel.corsa;CORSA;КОРСА
320;opel;ОПЕЛЬ;opel.mokka;MOKKA;MOKKA
320;opel;ОПЕЛЬ;opel.mokka;MOKKA;МОККА
320;opel;ОПЕЛЬ;opel.mokka;MOKKA;W0LJМОККА
321;paz;ПАЗ;paz.3203;3203;3203
322;paz;ПАЗ;paz.3204;3204;3204
322;paz;ПАЗ;paz.3204;3204;320412-04
322;paz;ПАЗ;paz.3204;3204;320412-10
322;paz;ПАЗ;paz.3204;3204;320435-04
323;paz;ПАЗ;paz.3205;3205;3205
323;paz;ПАЗ;paz.3205;3205;32053
323;paz;ПАЗ;paz.3205;3205;32054
324;paz;ПАЗ;paz.4234;4234;4234
325;paz;ПАЗ;paz.320412;320412;320412
326;peugeot;ПЕЖО;peugeot.206;206;206
327;peugeot;ПЕЖО;peugeot.308;308;308
328;peugeot;ПЕЖО;peugeot.3008;3008;3008
329;peugeot;ПЕЖО;peugeot.4008;4008;4008
330;peugeot;ПЕЖО;peugeot.5008;5008;5008
331;peugeot;ПЕЖО;peugeot.boxer;BOXER;BOXER
331;peugeot;ПЕЖО;peugeot.boxer;BOXER;БОКСЕР
331;peugeot;ПЕЖО;peugeot.boxer;BOXER;L4H2M2A
331;peugeot;ПЕЖО;peugeot.boxer;BOXER;2227SK
331;peugeot;ПЕЖО;peugeot.boxer;BOXER;2227SК
332;peugeot;ПЕЖО;peugeot.partner;PARTNER;PARTNER
332;peugeot;ПЕЖО;peugeot.partner;PARTNER;ПАРТНЕР
333;peterbilt;ПЕТЕРБИЛТ;peterbilt.387;387;387
333;peterbilt;ПЕТЕРБИЛТ;peterbilt.387;387;РЕТЕRВILТ387
334;pontiac;ПОНТИАК;pontiac.vibe;VIBE;VIBE
335;porsche;ПОРШЕ;porsche.911;911;911
336;porsche;ПОРШЕ;porsche.cayenne;CAYENNE;CAYENNE
336;porsche;ПОРШЕ;porsche.cayenne;CAYENNE;CAYENNEGTSEI22
336;porsche;ПОРШЕ;porsche.cayenne;CAYENNE;CAYENNETURBO
336;porsche;ПОРШЕ;porsche.cayenne;CAYENNE;CAYENNEDIESEL
336;porsche;ПОРШЕ;porsche.cayenne;CAYENNE;КАЕН
336;porsche;ПОРШЕ;porsche.cayenne;CAYENNE;КАЕННДИЗЕЛЬ
336;porsche;ПОРШЕ;porsche.cayenne;CAYENNE;КАЙЕН
336;porsche;ПОРШЕ;porsche.cayenne;CAYENNE;КАЙЕНДИЗЕЛЬ
336;porsche;ПОРШЕ;porsche.cayenne;CAYENNE;КАЙЕНН
337;porsche;ПОРШЕ;porsche.macan;MACAN;MACAN
337;porsche;ПОРШЕ;porsche.macan;MACAN;МАКАН
338;porsche;ПОРШЕ;porsche.panamera;PANAMERA;PANAMERA
338;porsche;ПОРШЕ;porsche.panamera;PANAMERA;PANAMERADIESEL
338;porsche;ПОРШЕ;porsche.panamera;PANAMERA;PANAMERAGTS
338;porsche;ПОРШЕ;porsche.panamera;PANAMERA;ПАНАМЕРА4
338;porsche;ПОРШЕ;porsche.panamera;PANAMERA;ПАНАМЕРАGTS
339;ravon;РАВОН;ravon.nexia_r3;NEXIA R3;NEXIAR3
339;ravon;РАВОН;ravon.nexia_r3;NEXIA R3;НЕКСИЯR3
340;renault;РЕНО;renault.arkana;ARKANA;ARKANA
340;renault;РЕНО;renault.arkana;ARKANA;ARKANARJCLE2M1X5ES0M0B00
340;renault;РЕНО;renault.arkana;ARKANA;АРКАНА
341;renault;РЕНО;renault.duster;DUSTER;DUSTER
341;renault;РЕНО;renault.duster;DUSTER;DUSTERHSRDDG
341;renault;РЕНО;renault.duster;DUSTER;DUSTERHSRDB4
341;renault;РЕНО;renault.duster;DUSTER;DUSTERHSRHGN
341;renault;РЕНО;renault.duster;DUSTER;ДАСТЕР
342;renault;РЕНО;renault.dokker;DOKKER;DOKKER
342;renault;РЕНО;renault.dokker;DOKKER;ДОККЕР
343;renault;РЕНО;renault.kaptur;KAPTUR;KAPTUR
343;renault;РЕНО;renault.kaptur;KAPTUR;KAPTURASRA19
343;renault;РЕНО;renault.kaptur;KAPTUR;КАПТУР
343;renault;РЕНО;renault.kaptur;KAPTUR;КАПТЮР
344;renault;РЕНО;renault.clio;CLIO;CLIO
344;renault;РЕНО;renault.clio;CLIO;КЛИО
345;renault;РЕНО;renault.koleos;KOLEOS;KOLEOS
345;renault;РЕНО;renault.koleos;KOLEOS;КОЛЕОС
346;renault;РЕНО;renault.kangoo;KANGOO;KANGOO
346;renault;РЕНО;renault.kangoo;KANGOO;КАНГУ
347;renault;РЕНО;renault.logan;LOGAN;LOGAN
347;renault;РЕНО;renault.logan;LOGAN;LOGAN4SRLV4
347;renault;РЕНО;renault.logan;LOGAN;LOGAN4SRLTB
347;renault;РЕНО;renault.logan;LOGAN;LOGANLOGANSR
347;renault;РЕНО;renault.logan;LOGAN;LOGANSTEPWAY
347;renault;РЕНО;renault.logan;LOGAN;LOGANSTEPWAY4SRMAZ
347;renault;РЕНО;renault.logan;LOGAN;ЛОГАН
347;renault;РЕНО;renault.logan;LOGAN;ЛОГАН4SRLV4
347;renault;РЕНО;renault.logan;LOGAN;ЛОГАН4SRLTB
347;renault;РЕНО;renault.logan;LOGAN;ЛОГАНSR
347;renault;РЕНО;renault.logan;LOGAN;ЛОГАНЛОГАН
348;renault;РЕНО;renault.magnum;MAGNUM;MAGNUM
348;renault;РЕНО;renault.magnum;MAGNUM;МАГНУМ
348;renault;РЕНО;renault.magnum;MAGNUM;MAGNUMAE430
348;renault;РЕНО;renault.magnum;MAGNUM;МАГНУМ440ТЕСН
349;renault;РЕНО;renault.master;MASTER;MASTER
349;renault;РЕНО;renault.master;MASTER;МАСТЕР
350;renault;РЕНО;renault.megane;MEGANE;MEGANE
350;renault;РЕНО;renault.megane;MEGANE;МЕГАН
350;renault;РЕНО;renault.megane;MEGANE;MEANESCENIC
350;renault;РЕНО;renault.megane;MEGANE;MEGANIII
350;renault;РЕНО;renault.megane;MEGANE;MEGANEIIEX2CEA110
350;renault;РЕНО;renault.megane;MEGANE;MEGANESCENIC15DCI
350;renault;РЕНО;renault.megane;MEGANE;МЕГАНСЦЕНИК
351;renault;РЕНО;renault.premium;PREMIUM;PREMIUM
351;renault;РЕНО;renault.premium;PREMIUM;ПРЕМИУМ
351;renault;РЕНО;renault.premium;PREMIUM;PREMIUM38019T
351;renault;РЕНО;renault.premium;PREMIUM;ПРЕМИУМ44026Т
352;renault;РЕНО;renault.sandero;SANDERO;SANDERO
352;renault;РЕНО;renault.sandero;SANDERO;САНДЕРО
352;renault;РЕНО;renault.sandero;SANDERO;SANDEROSTEPWAY
352;renault;РЕНО;renault.sandero;SANDERO;SANDEROSTEPWAY5SRLVG
353;renault;РЕНО;renault.symbol;SYMBOL;SYMBOL
353;renault;РЕНО;renault.symbol;SYMBOL;СИМБОЛ
354;renault;РЕНО;renault.scenic;SCENIC;SCENIC
354;renault;РЕНО;renault.scenic;SCENIC;СЦЕНИК
355;renault;РЕНО;renault.t-series;T-SERIES;TSERIES
355;renault;РЕНО;renault.t-series;T-SERIES;ТСЕРИЯ
355;renault;РЕНО;renault.t-series;T-SERIES;T4X2T4X2
355;renault;РЕНО;renault.t-series;T-SERIES;T4X2
356;renault;РЕНО;renault.fluence;FLUENCE;FLUENCE
356;renault;РЕНО;renault.fluence;FLUENCE;ФЛУЕНС
357;rolls-royce;РОЛЛС РОЙС;rolls-royce.cullinan;CULLINAN;CULLINAN
357;rolls-royce;РОЛЛС РОЙС;rolls-royce.cullinan;CULLINAN;КАЛЛИНЭН
357;rolls-royce;РОЛЛС РОЙС;rolls-royce.cullinan;CULLINAN;КАЛЛИНАН
358;saab;СААБ;saab.9-3;9-3;93
359;seat;СЕАТ;seat.leon;LEON;LEON
359;seat;СЕАТ;seat.leon;LEON;ЛЕОН
360;setra;СЕТРА;setra.setra_s317_gt-hd;SETRA S317 GT-HD;SETRAS317GTHD
360;setra;СЕТРА;setra.setra_s317_gt-hd;SETRA S317 GT-HD;S317GTHD
361;setra;СЕТРА;setra.s417_gt-hd;S417 GT-HD;S417GTHD
362;citroen;СИТРОЕН;citroen.berlingo;BERLINGO;BERLINGO
362;citroen;СИТРОЕН;citroen.berlingo;BERLINGO;БЕРЛИНГО
363;citroen;СИТРОЕН;citroen.jumper;JUMPER;JUMPER
363;citroen;СИТРОЕН;citroen.jumper;JUMPER;L4H2M2CA
363;citroen;СИТРОЕН;citroen.jumper;JUMPER;L4H2M2CB
363;citroen;СИТРОЕН;citroen.jumper;JUMPER;ДЖАМПЕР
363;citroen;СИТРОЕН;citroen.jumper;JUMPER;2227WO
364;citroen;СИТРОЕН;citroen.c4;C4;C4
365;citroen;СИТРОЕН;citroen.c5;C5;C5
366;scania;СКАНИЯ;scania.4-series;4-SERIES;4SERIES
367;scania;СКАНИЯ;scania.g-series;G-SERIES;GSERIES
367;scania;СКАНИЯ;scania.g-series;G-SERIES;G380LA4X2HNA
367;scania;СКАНИЯ;scania.g-series;G-SERIES;G400LA4X2HNA
367;scania;СКАНИЯ;scania.g-series;G-SERIES;G400LA4X2HNAADRFL
367;scania;СКАНИЯ;scania.g-series;G-SERIES;G440LA4X2HNA
368;scania;СКАНИЯ;scania.irizar;IRIZAR;IRIZAR
368;scania;СКАНИЯ;scania.irizar;IRIZAR;ИРИЗАР
369;scania;СКАНИЯ;scania.p-series;P-SERIES;PSERIES
369;scania;СКАНИЯ;scania.p-series;P-SERIES;P114GA4X2NA340
369;scania;СКАНИЯ;scania.p-series;P-SERIES;Р114GA4X2NA340
369;scania;СКАНИЯ;scania.p-series;P-SERIES;114
369;scania;СКАНИЯ;scania.p-series;P-SERIES;P114
370;scania;СКАНИЯ;scania.r-series;R-SERIES;RSERIES
370;scania;СКАНИЯ;scania.r-series;R-SERIES;R440A4X2NA
370;scania;СКАНИЯ;scania.r-series;R-SERIES;R440А4X2NА
370;scania;СКАНИЯ;scania.r-series;R-SERIES;R440LA4X2HNA
370;scania;СКАНИЯ;scania.r-series;R-SERIES;R440LA4X2MEB
371;scania;СКАНИЯ;scania.touring;TOURING;TOURING
371;scania;СКАНИЯ;scania.touring;TOURING;ТУРИНГ
372;smart;СМАРТ;smart.fortwo;FORTWO;FORTWO
372;smart;СМАРТ;smart.fortwo;FORTWO;ФОРТУ
373;sollers;СОЛЛЕРС;sollers.argo;ARGO;ARGO
373;sollers;СОЛЛЕРС;sollers.argo;ARGO;АРГО
374;sollers;СОЛЛЕРС;sollers.atlant;ATLANT;ATLANT
374;sollers;СОЛЛЕРС;sollers.atlant;ATLANT;АТЛАНТ
375;ssangyong;ССАНГ ЕНГ;ssangyong.actyon;ACTYON;ACTYON
375;ssangyong;ССАНГ ЕНГ;ssangyong.actyon;ACTYON;АКТИОН
376;ssangyong;ССАНГ ЕНГ;ssangyong.actyon_sports;ACTYON SPORTS;ACTYONSPORTS
376;ssangyong;ССАНГ ЕНГ;ssangyong.actyon_sports;ACTYON SPORTS;АКТИОНСПОРТС
377;ssangyong;ССАНГ ЕНГ;ssangyong.kyron;KYRON;KYRON
377;ssangyong;ССАНГ ЕНГ;ssangyong.kyron;KYRON;КАЙРОН
378;ssangyong;ССАНГ ЕНГ;ssangyong.rexton;REXTON;REXTON
378;ssangyong;ССАНГ ЕНГ;ssangyong.rexton;REXTON;РЕКСТОН
379;subaru;СУБАРУ;subaru.outback;OUTBACK;OUTBACK
379;subaru;СУБАРУ;subaru.outback;OUTBACK;АУТБЭК
379;subaru;СУБАРУ;subaru.outback;OUTBACK;АУТБЕК30AWD
380;subaru;СУБАРУ;subaru.impreza;IMPREZA;IMPREZA
380;subaru;СУБАРУ;subaru.impreza;IMPREZA;ИМПРЕЗА
380;subaru;СУБАРУ;subaru.impreza;IMPREZA;ИМПРЕЗАXV
381;subaru;СУБАРУ;subaru.legacy;LEGACY;LEGACY
381;subaru;СУБАРУ;subaru.legacy;LEGACY;ЛЕГАСИ
381;subaru;СУБАРУ;subaru.legacy;LEGACY;LEGACYB4
382;subaru;СУБАРУ;subaru.forester;FORESTER;FORESTER
382;subaru;СУБАРУ;subaru.forester;FORESTER;ФОРЕСТЕР
383;suzuki;СУЗУКИ;suzuki.grand_vitara;GRAND VITARA;GRANDVITARA
383;suzuki;СУЗУКИ;suzuki.grand_vitara;GRAND VITARA;ГРАНДВИТАРА
384;suzuki;СУЗУКИ;suzuki.jimny;JIMNY;JIMNY
384;suzuki;СУЗУКИ;suzuki.jimny;JIMNY;ДЖИМНИ
385;suzuki;СУЗУКИ;suzuki.liana;LIANA;LIANA
385;suzuki;СУЗУКИ;suzuki.liana;LIANA;ЛИАНА
386;suzuki;СУЗУКИ;suzuki.sx4;SX4;SX4
387;tatra;ТАТРА;tatra.t_815;T 815;T 815
388;tesla;ТЕСЛА;tesla.model_3;MODEL 3;MODEL3
389;tesla;ТЕСЛА;tesla.model_x;MODEL X;MODELX
390;tesla;ТЕСЛА;tesla.model_s;MODEL S;MODELS
391;tesla;ТЕСЛА;tesla.model_y;MODEL Y;MODELY
392;toyota;ТОЙОТА;toyota.avensis;AVENSIS;AVENSIS
392;toyota;ТОЙОТА;toyota.avensis;AVENSIS;АВЕНСИС
393;toyota;ТОЙОТА;toyota.alphard;ALPHARD;ALPHARD
393;toyota;ТОЙОТА;toyota.alphard;ALPHARD;АЛЬФАРД
394;toyota;ТОЙОТА;toyota.vitz;VITZ;VITZ
394;toyota;ТОЙОТА;toyota.vitz;VITZ;ВИТЦ
395;toyota;ТОЙОТА;toyota.dyna;DYNA;DYNA
395;toyota;ТОЙОТА;toyota.dyna;DYNA;ДАЙНА
396;toyota;ТОЙОТА;toyota.camry;CAMRY;CAMRY
396;toyota;ТОЙОТА;toyota.camry;CAMRY;КАМРИ
396;toyota;ТОЙОТА;toyota.camry;CAMRY;CAMRYGSV70LREZGBX
396;toyota;ТОЙОТА;toyota.camry;CAMRY;CAMRYASV70LRETNKX
396;toyota;ТОЙОТА;toyota.camry;CAMRY;CAMRYAXVA70LREZNBX
396;toyota;ТОЙОТА;toyota.camry;CAMRY;CAMRYMXVA71LREXNBX
397;toyota;ТОЙОТА;toyota.corolla;COROLLA;COROLLA
397;toyota;ТОЙОТА;toyota.corolla;COROLLA;КОРОЛЛА
397;toyota;ТОЙОТА;toyota.corolla;COROLLA;COROLLAFIELDER
397;toyota;ТОЙОТА;toyota.corolla;COROLLA;COROLLASPACIO
398;toyota;ТОЙОТА;toyota.coaster;COASTER;COASTER
398;toyota;ТОЙОТА;toyota.coaster;COASTER;КОАСТЕР
399;toyota;ТОЙОТА;toyota.crown;CROWN;CROWN
399;toyota;ТОЙОТА;toyota.crown;CROWN;КРАУН
400;toyota;ТОЙОТА;toyota.land_cruiser;LAND CRUISER;LANDCRUISER
400;toyota;ТОЙОТА;toyota.land_cruiser;LAND CRUISER;ЛЕНДКРУЗЕР
400;toyota;ТОЙОТА;toyota.land_cruiser;LAND CRUISER;LANDCRUISER100
400;toyota;ТОЙОТА;toyota.land_cruiser;LAND CRUISER;LANDCRUISER200
400;toyota;ТОЙОТА;toyota.land_cruiser;LAND CRUISER;ЛЕНДКРУИЗЕР
400;toyota;ТОЙОТА;toyota.land_cruiser;LAND CRUISER;ЛЕНДКРУЗЕР100
400;toyota;ТОЙОТА;toyota.land_cruiser;LAND CRUISER;ЛЕНДКРУИЗЕР105
400;toyota;ТОЙОТА;toyota.land_cruiser;LAND CRUISER;ЛЕНДКРУЗЕР105
401;toyota;ТОЙОТА;toyota.land_cruiser_prado;LAND CRUISER PRADO;LANDCRUISERPRADO
401;toyota;ТОЙОТА;toyota.land_cruiser_prado;LAND CRUISER PRADO;ЛЕНДКРУЗЕРПРАДО
401;toyota;ТОЙОТА;toyota.land_cruiser_prado;LAND CRUISER PRADO;LANDCRUISER120
401;toyota;ТОЙОТА;toyota.land_cruiser_prado;LAND CRUISER PRADO;LANDCRUISER150PRADO
401;toyota;ТОЙОТА;toyota.land_cruiser_prado;LAND CRUISER PRADO;LANDCRUISER150GDJ150LGKTE
401;toyota;ТОЙОТА;toyota.land_cruiser_prado;LAND CRUISER PRADO;LANDCRUISER150
401;toyota;ТОЙОТА;toyota.land_cruiser_prado;LAND CRUISER PRADO;ЛАНДКРУЗЕР120
401;toyota;ТОЙОТА;toyota.land_cruiser_prado;LAND CRUISER PRADO;ЛЕНДКРУЗЕР120ПРАДО
401;toyota;ТОЙОТА;toyota.land_cruiser_prado;LAND CRUISER PRADO;ЛЕНДКРУИЗЕРПРАДО
401;toyota;ТОЙОТА;toyota.land_cruiser_prado;LAND CRUISER PRADO;ЛАНДКРУЗЕР150ПРАДО
401;toyota;ТОЙОТА;toyota.land_cruiser_prado;LAND CRUISER PRADO;ЛЕНДКРУЗЕРПРАДО150
401;toyota;ТОЙОТА;toyota.land_cruiser_prado;LAND CRUISER PRADO;ЛЕНДКРУЗЕР150ПРАДО
401;toyota;ТОЙОТА;toyota.land_cruiser_prado;LAND CRUISER PRADO;ЛЕНДКРУИЗЕР150ПРАДО
401;toyota;ТОЙОТА;toyota.land_cruiser_prado;LAND CRUISER PRADO;ЛАНДКРУЗЕР200
401;toyota;ТОЙОТА;toyota.land_cruiser_prado;LAND CRUISER PRADO;ЛЕНДКРУИЗЕР200
401;toyota;ТОЙОТА;toyota.land_cruiser_prado;LAND CRUISER PRADO;ЛЕНДКРУЗЕР200
401;toyota;ТОЙОТА;toyota.land_cruiser_prado;LAND CRUISER PRADO;LANDCRUISERPRADOGX
402;toyota;ТОЙОТА;toyota.mark_ii;MARK II;MARKII
402;toyota;ТОЙОТА;toyota.mark_ii;MARK II;МАРК2
403;toyota;ТОЙОТА;toyota.prius;PRIUS;PRIUS
403;toyota;ТОЙОТА;toyota.prius;PRIUS;ПРИУС
403;toyota;ТОЙОТА;toyota.prius;PRIUS;ПРИУСГИБРИД
404;toyota;ТОЙОТА;toyota.rav4;RAV4;RAV4
404;toyota;ТОЙОТА;toyota.rav4;RAV4;РАВ4
404;toyota;ТОЙОТА;toyota.rav4;RAV4;RAV4MXAA52LRNXMBX
404;toyota;ТОЙОТА;toyota.rav4;RAV4;РАВ4MXAA52LRNXMBX
405;toyota;ТОЙОТА;toyota.tundra;TUNDRA;TUNDRA
405;toyota;ТОЙОТА;toyota.tundra;TUNDRA;ТУНДРА
406;toyota;ТОЙОТА;toyota.hilux;HILUX;HILUX
406;toyota;ТОЙОТА;toyota.hilux;HILUX;ХАЙЛЮКС
407;toyota;ТОЙОТА;toyota.highlander;HIGHLANDER;HIGHLANDER
407;toyota;ТОЙОТА;toyota.highlander;HIGHLANDER;ХАЙЛЕНДЕР
408;toyota;ТОЙОТА;toyota.hiace;HIACE;HIACE
408;toyota;ТОЙОТА;toyota.hiace;HIACE;ХАЙС
409;toyota;ТОЙОТА;toyota.c-hr;C-HR;CHR
409;toyota;ТОЙОТА;toyota.c-hr;C-HR;СХР
410;toyota;ТОЙОТА;toyota.yaris;YARIS;YARIS
410;toyota;ТОЙОТА;toyota.yaris;YARIS;ЯРИС
411;uaz;УАЗ;uaz.3909;3909;3909
412;uaz;УАЗ;uaz.patriot;PATRIOT;PATRIOT
412;uaz;УАЗ;uaz.patriot;PATRIOT;ПАТРИОТ
412;uaz;УАЗ;uaz.patriot;PATRIOT;31631
412;uaz;УАЗ;uaz.patriot;PATRIOT;31638
412;uaz;УАЗ;uaz.patriot;PATRIOT;236321
413;uaz;УАЗ;uaz.pickup;PICKUP;PICKUP
413;uaz;УАЗ;uaz.pickup;PICKUP;ПИКАП
414;uaz;УАЗ;uaz.hunter;HUNTER;HUNTER
414;uaz;УАЗ;uaz.hunter;HUNTER;ХАНТЕР
415;ural;УРАЛ;ural.4320;4320;4320
416;faw;ФАВ;faw.10xx;10XX;10XX
417;faw;ФАВ;faw.bestune_b70;BESTUNE B70;BESTUNEB70
417;faw;ФАВ;faw.bestune_b70;BESTUNE B70;БЕСТЮНБ70
418;faw;ФАВ;faw.bestune_t77;BESTUNE T77;BESTUNET77
418;faw;ФАВ;faw.bestune_t77;BESTUNE T77;БЕСТЮНЕ77
418;faw;ФАВ;faw.bestune_t77;BESTUNE T77;BESTUNET77СА6455А6А
419;faw;ФАВ;faw.j6;J6;J6
420;faw;ФАВ;faw.j7;J7;J7
420;faw;ФАВ;faw.j7;J7;J7СА4180Р77К25Е5
420;faw;ФАВ;faw.j7;J7;J7CA4180P77K25E5
421;ferrari;ФЕРРАРИ;ferrari.sf90;SF90;SF90
422;fiat;ФИАТ;fiat.ducato;DUCATO;DUCATO
422;fiat;ФИАТ;fiat.ducato;DUCATO;FST613
422;fiat;ФИАТ;fiat.ducato;DUCATO;ДУКАТО
422;fiat;ФИАТ;fiat.ducato;DUCATO;ДУКАТО25D
422;fiat;ФИАТ;fiat.ducato;DUCATO;L4H2M2FA
423;fiat;ФИАТ;fiat.scudo;SCUDO;SCUDO
423;fiat;ФИАТ;fiat.scudo;SCUDO;СКУДО
424;volkswagen;ФОЛЬКСВАГЕН;volkswagen.amarok;AMAROK;AMAROK
424;volkswagen;ФОЛЬКСВАГЕН;volkswagen.amarok;AMAROK;АМАРОК
424;volkswagen;ФОЛЬКСВАГЕН;volkswagen.amarok;AMAROK;2HAMAROK
424;volkswagen;ФОЛЬКСВАГЕН;volkswagen.amarok;AMAROK;2НАМАRОК
424;volkswagen;ФОЛЬКСВАГЕН;volkswagen.amarok;AMAROK;AMAROK2H
425;volkswagen;ФОЛЬКСВАГЕН;volkswagen.golf;GOLF;GOLF
425;volkswagen;ФОЛЬКСВАГЕН;volkswagen.golf;GOLF;ГОЛЬФ
426;volkswagen;ФОЛЬКСВАГЕН;volkswagen.jetta;JETTA;JETTA
426;volkswagen;ФОЛЬКСВАГЕН;volkswagen.jetta;JETTA;ДЖЕТТА
427;volkswagen;ФОЛЬКСВАГЕН;volkswagen.caddy;CADDY;CADDY
427;volkswagen;ФОЛЬКСВАГЕН;volkswagen.caddy;CADDY;КАДДИ
427;volkswagen;ФОЛЬКСВАГЕН;volkswagen.caddy;CADDY;2KNCADDY
428;volkswagen;ФОЛЬКСВАГЕН;volkswagen.caravelle;CARAVELLE;CARAVELLE
428;volkswagen;ФОЛЬКСВАГЕН;volkswagen.caravelle;CARAVELLE;КАРАВЕЛЛА
428;volkswagen;ФОЛЬКСВАГЕН;volkswagen.caravelle;CARAVELLE;WV27HCCARAVELLE
429;volkswagen;ФОЛЬКСВАГЕН;volkswagen.crafter;CRAFTER;CRAFTER
429;volkswagen;ФОЛЬКСВАГЕН;volkswagen.crafter;CRAFTER;КРАФТЕР
429;volkswagen;ФОЛЬКСВАГЕН;volkswagen.crafter;CRAFTER;224372
430;volkswagen;ФОЛЬКСВАГЕН;volkswagen.multivan;MULTIVAN;MULTIVAN
430;volkswagen;ФОЛЬКСВАГЕН;volkswagen.multivan;MULTIVAN;МУЛЬТИВЕН
430;volkswagen;ФОЛЬКСВАГЕН;volkswagen.multivan;MULTIVAN;7HCMULTIVAN
430;volkswagen;ФОЛЬКСВАГЕН;volkswagen.multivan;MULTIVAN;7НСMULTIVAN
431;volkswagen;ФОЛЬКСВАГЕН;volkswagen.passat;PASSAT;PASSAT
431;volkswagen;ФОЛЬКСВАГЕН;volkswagen.passat;PASSAT;ПАССАТ
431;volkswagen;ФОЛЬКСВАГЕН;volkswagen.passat;PASSAT;PASSAT18T
431;volkswagen;ФОЛЬКСВАГЕН;volkswagen.passat;PASSAT;РАSSАТ
432;volkswagen;ФОЛЬКСВАГЕН;volkswagen.polo;POLO;POLO
432;volkswagen;ФОЛЬКСВАГЕН;volkswagen.polo;POLO;ПОЛО
432;volkswagen;ФОЛЬКСВАГЕН;volkswagen.polo;POLO;ПОЛОРОLО
432;volkswagen;ФОЛЬКСВАГЕН;volkswagen.polo;POLO;ПОЛОПОЛО
432;volkswagen;ФОЛЬКСВАГЕН;volkswagen.polo;POLO;РОLО
432;volkswagen;ФОЛЬКСВАГЕН;volkswagen.polo;POLO;РОLО14
432;volkswagen;ФОЛЬКСВАГЕН;volkswagen.polo;POLO;VОLКSVАGЕNРОLО
433;volkswagen;ФОЛЬКСВАГЕН;volkswagen.scirocco;SCIROCCO;SCIROCCO
433;volkswagen;ФОЛЬКСВАГЕН;volkswagen.scirocco;SCIROCCO;СИРОККО
434;volkswagen;ФОЛЬКСВАГЕН;volkswagen.tavendor;TAVENDOR;TAVENDOR
434;volkswagen;ФОЛЬКСВАГЕН;volkswagen.tavendor;TAVENDOR;ТАВЕНДОР
435;volkswagen;ФОЛЬКСВАГЕН;volkswagen.tayron;TAYRON;TAYRON
435;volkswagen;ФОЛЬКСВАГЕН;volkswagen.tayron;TAYRON;ТАЙРОН
436;volkswagen;ФОЛЬКСВАГЕН;volkswagen.teramont;TERAMONT;TERAMONT
436;volkswagen;ФОЛЬКСВАГЕН;volkswagen.teramont;TERAMONT;ТЕРАМОНТ
437;volkswagen;ФОЛЬКСВАГЕН;volkswagen.tiguan;TIGUAN;TIGUAN
437;volkswagen;ФОЛЬКСВАГЕН;volkswagen.tiguan;TIGUAN;ТИГУАН
438;volkswagen;ФОЛЬКСВАГЕН;volkswagen.transporter;TRANSPORTER;TRANSPORTER
438;volkswagen;ФОЛЬКСВАГЕН;volkswagen.transporter;TRANSPORTER;ТРАНСПОРТ
438;volkswagen;ФОЛЬКСВАГЕН;volkswagen.transporter;TRANSPORTER;ТРАНСПОРТЕР
439;volkswagen;ФОЛЬКСВАГЕН;volkswagen.touareg;TOUAREG;TOUAREG
439;volkswagen;ФОЛЬКСВАГЕН;volkswagen.touareg;TOUAREG;ТУАРЕГ
439;volkswagen;ФОЛЬКСВАГЕН;volkswagen.touareg;TOUAREG;ТАУРЕГ
440;ford;ФОРД;ford.cargo;CARGO;CARGO
440;ford;ФОРД;ford.cargo;CARGO;КАРГО
441;ford;ФОРД;ford.kuga;KUGA;KUGA
441;ford;ФОРД;ford.kuga;KUGA;КУГА
442;ford;ФОРД;ford.mondeo;MONDEO;MONDEO
442;ford;ФОРД;ford.mondeo;MONDEO;МОНДЕО
443;ford;ФОРД;ford.mustang;MUSTANG;MUSTANG
443;ford;ФОРД;ford.mustang;MUSTANG;МУСТАНГ
444;ford;ФОРД;ford.ranger;RANGER;RANGER
444;ford;ФОРД;ford.ranger;RANGER;РЕЙНДЖЕР
445;ford;ФОРД;ford.transit;TRANSIT;TRANSIT
445;ford;ФОРД;ford.transit;TRANSIT;ТРАНЗИТ
445;ford;ФОРД;ford.transit;TRANSIT;TRANSITFCD
445;ford;ФОРД;ford.transit;TRANSIT;TRANSITFСD
445;ford;ФОРД;ford.transit;TRANSIT;TRANSITFCD350M
445;ford;ФОРД;ford.transit;TRANSIT;TRANSITFСD350М
445;ford;ФОРД;ford.transit;TRANSIT;222700
445;ford;ФОРД;ford.transit;TRANSIT;222702
445;ford;ФОРД;ford.transit;TRANSIT;222708
445;ford;ФОРД;ford.transit;TRANSIT;222709
446;ford;ФОРД;ford.f-150;F-150;F150
446;ford;ФОРД;ford.f-150;F-150;Ф150
447;ford;ФОРД;ford.f-max;F-MAX;FMAX
447;ford;ФОРД;ford.f-max;F-MAX;ФМАКС
448;ford;ФОРД;ford.fiesta;FIESTA;FIESTA
448;ford;ФОРД;ford.fiesta;FIESTA;ФИЕСТА
448;ford;ФОРД;ford.fiesta;FIESTA;ФИЕСТАTREND
448;ford;ФОРД;ford.fiesta;FIESTA;ФИЕСТАТRЕND
449;ford;ФОРД;ford.focus;FOCUS;FOCUS
449;ford;ФОРД;ford.focus;FOCUS;ФОКУС
450;ford;ФОРД;ford.fusion;FUSION;FUSION
450;ford;ФОРД;ford.fusion;FUSION;ФЬЮЖН
451;ford;ФОРД;ford.explorer;EXPLORER;EXPLORER
451;ford;ФОРД;ford.explorer;EXPLORER;ЭКСПЛОРЕР
451;ford;ФОРД;ford.explorer;EXPLORER;EXPLORERLIMITED
451;ford;ФОРД;ford.explorer;EXPLORER;ЭКСПЛОРЕРЛТД
452;foton;ФОТОН;foton.auman_est_a;AUMAN EST A;AUMANESTA
452;foton;ФОТОН;foton.auman_est_a;AUMAN EST A;АУМАНЕСТА
453;foton;ФОТОН;foton.s120;S120;S120
453;foton;ФОТОН;foton.s120;S120;С120
454;foton;ФОТОН;foton.toano;TOANO;TOANO
454;foton;ФОТОН;foton.toano;TOANO;ТОАНО
455;freightliner;ФРЕЙТЛАЙНЕР;freightliner.columbia;COLUMBIA;COLUMBIA
455;freightliner;ФРЕЙТЛАЙНЕР;freightliner.columbia;COLUMBIA;КОЛАМБИЯ
456;freightliner;ФРЕЙТЛАЙНЕР;freightliner.century_class;CENTURY CLASS;CENTURYCLASS
456;freightliner;ФРЕЙТЛАЙНЕР;freightliner.century_class;CENTURY CLASS;СЕНЧУРИКЛАСС
456;freightliner;ФРЕЙТЛАЙНЕР;freightliner.century_class;CENTURY CLASS;CENTURYCLASSST
457;fuso;ФУСО;fuso.canter;САNТЕR;САNТЕR
458;fuso;ФУСО;fuso.fighter;FIGHTER;FIGHTER
459;haval;ХАВЕЙЛ;haval.jolion;JOLION;JOLION
459;haval;ХАВЕЙЛ;haval.jolion;JOLION;ДЖОЛИОН
459;haval;ХАВЕЙЛ;haval.jolion;JOLION;JOLIONCC7150BA01B
459;haval;ХАВЕЙЛ;haval.jolion;JOLION;JOLIONСС7150ВА01В
459;haval;ХАВЕЙЛ;haval.jolion;JOLION;JOLIONCC7150BA24C
459;haval;ХАВЕЙЛ;haval.jolion;JOLION;JOLIONСС7150ВА24С
460;haval;ХАВЕЙЛ;haval.f7;F7;F7
460;haval;ХАВЕЙЛ;haval.f7;F7;Ф7
460;haval;ХАВЕЙЛ;haval.f7;F7;F7X
460;haval;ХАВЕЙЛ;haval.f7;F7;F7CC6465UM09C
460;haval;ХАВЕЙЛ;haval.f7;F7;F7СС6465UМ09С
460;haval;ХАВЕЙЛ;haval.f7;F7;F7CC6475UM09C
460;haval;ХАВЕЙЛ;haval.f7;F7;F7СС6475UМ09С
460;haval;ХАВЕЙЛ;haval.f7;F7;F7CC6475UM22B
460;haval;ХАВЕЙЛ;haval.f7;F7;F7СС6475UМ22В
460;haval;ХАВЕЙЛ;haval.f7;F7;ХАВАЛF7СС6465UМ22В
461;haval;ХАВЕЙЛ;haval.h5;H5;H5
461;haval;ХАВЕЙЛ;haval.h5;H5;Н5
462;higer;ХАЙГЕР;higer.klq_6119;KLQ 6119;KLQ6119
463;higer;ХАЙГЕР;higer.klq_6129;KLQ 6129;KLQ6129
464;higer;ХАЙГЕР;higer.klq_6885;KLQ 6885;KLQ6885
465;hummer;ХАММЕР;hummer.h2;H2;H2
466;hyundai;ХЕНДЭ;hyundai.accent;ACCENT;ACCENT
466;hyundai;ХЕНДЭ;hyundai.accent;ACCENT;АКЦЕНТ
466;hyundai;ХЕНДЭ;hyundai.accent;ACCENT;АКЦЕНТGS
466;hyundai;ХЕНДЭ;hyundai.accent;ACCENT;АССЕNТ
466;hyundai;ХЕНДЭ;hyundai.accent;ACCENT;ХЕНДАЙACCENT
466;hyundai;ХЕНДЭ;hyundai.accent;ACCENT;ХУНДАЙACCENT
466;hyundai;ХЕНДЭ;hyundai.accent;ACCENT;ХУНДАЙАКЦЕНТ
467;hyundai;ХЕНДЭ;hyundai.getz;GETZ;GETZ
467;hyundai;ХЕНДЭ;hyundai.getz;GETZ;ГЕТЦ
467;hyundai;ХЕНДЭ;hyundai.getz;GETZ;GETZ14GLAT
467;hyundai;ХЕНДЭ;hyundai.getz;GETZ;GETZGL14MT
467;hyundai;ХЕНДЭ;hyundai.getz;GETZ;GETZGLS13
467;hyundai;ХЕНДЭ;hyundai.getz;GETZ;ГЕТЦGLS14AT
468;hyundai;ХЕНДЭ;hyundai.grand_starex;GRAND STAREX;GRANDSTAREX
468;hyundai;ХЕНДЭ;hyundai.grand_starex;GRAND STAREX;ГРАНДСТАРЕКС
468;hyundai;ХЕНДЭ;hyundai.grand_starex;GRAND STAREX;STAREX
468;hyundai;ХЕНДЭ;hyundai.grand_starex;GRAND STAREX;СТАРЕКС
469;hyundai;ХЕНДЭ;hyundai.i30;I30;I30
469;hyundai;ХЕНДЭ;hyundai.i30;I30;АЙ30
469;hyundai;ХЕНДЭ;hyundai.i30;I30;I3014GLMT
469;hyundai;ХЕНДЭ;hyundai.i30;I30;I3014GLМТ
469;hyundai;ХЕНДЭ;hyundai.i30;I30;I3016ATGLS
469;hyundai;ХЕНДЭ;hyundai.i30;I30;I3016GLSMT
469;hyundai;ХЕНДЭ;hyundai.i30;I30;I3016MTGL
470;hyundai;ХЕНДЭ;hyundai.i40;I40;I40
470;hyundai;ХЕНДЭ;hyundai.i40;I40;АЙ40
471;hyundai;ХЕНДЭ;hyundai.ix35;IX35;IX35
471;hyundai;ХЕНДЭ;hyundai.ix35;IX35;АЙИКС35
471;hyundai;ХЕНДЭ;hyundai.ix35;IX35;IX3520GLSAT
471;hyundai;ХЕНДЭ;hyundai.ix35;IX35;IX3520GLAT
471;hyundai;ХЕНДЭ;hyundai.ix35;IX35;IХ35
472;hyundai;ХЕНДЭ;hyundai.county;COUNTY;COUNTY
472;hyundai;ХЕНДЭ;hyundai.county;COUNTY;КАУНТИ
473;hyundai;ХЕНДЭ;hyundai.creta;CRETA;CRETA
473;hyundai;ХЕНДЭ;hyundai.creta;CRETA;КРЕТА
474;hyundai;ХЕНДЭ;hyundai.mufasa;MUFASA;MUFASA
474;hyundai;ХЕНДЭ;hyundai.mufasa;MUFASA;МУФАСА
475;hyundai;ХЕНДЭ;hyundai.palisade;PALISADE;PALISADE
475;hyundai;ХЕНДЭ;hyundai.palisade;PALISADE;ПАЛИСАД
476;hyundai;ХЕНДЭ;hyundai.porter;PORTER;PORTER
476;hyundai;ХЕНДЭ;hyundai.porter;PORTER;ПОРТЕР
477;hyundai;ХЕНДЭ;hyundai.santa_fe;SANTA FE;SANTAFE
477;hyundai;ХЕНДЭ;hyundai.santa_fe;SANTA FE;САНТАФЕ
477;hyundai;ХЕНДЭ;hyundai.santa_fe;SANTA FE;САНТАФЕ22
477;hyundai;ХЕНДЭ;hyundai.santa_fe;SANTA FE;SANTAFE22GLSAT
477;hyundai;ХЕНДЭ;hyundai.santa_fe;SANTA FE;SАNТАFЕ22GLSАТ
477;hyundai;ХЕНДЭ;hyundai.santa_fe;SANTA FE;САНТАФЕ24АТ
477;hyundai;ХЕНДЭ;hyundai.santa_fe;SANTA FE;САНТАФЕ27GLSAT
477;hyundai;ХЕНДЭ;hyundai.santa_fe;SANTA FE;САНТАФЕ27GLS
477;hyundai;ХЕНДЭ;hyundai.santa_fe;SANTA FE;САНТАФЕGLS
478;hyundai;ХЕНДЭ;hyundai.solaris;SOLARIS;SOLARIS
478;hyundai;ХЕНДЭ;hyundai.solaris;SOLARIS;СОЛЯРИС
478;hyundai;ХЕНДЭ;hyundai.solaris;SOLARIS;SOLARISНУNDАISОLАRIS
478;hyundai;ХЕНДЭ;hyundai.solaris;SOLARIS;SОLАRIS
479;hyundai;ХЕНДЭ;hyundai.sonata;SONATA;SONATA
479;hyundai;ХЕНДЭ;hyundai.sonata;SONATA;СОНАТА
479;hyundai;ХЕНДЭ;hyundai.sonata;SONATA;SONATA20AT
479;hyundai;ХЕНДЭ;hyundai.sonata;SONATA;SОNАТА
479;hyundai;ХЕНДЭ;hyundai.sonata;SONATA;СОНАТА20АТ
479;hyundai;ХЕНДЭ;hyundai.sonata;SONATA;СОНАТАNEW20GLSAUTO
480;hyundai;ХЕНДЭ;hyundai.tucson;TUCSON;TUCSON
480;hyundai;ХЕНДЭ;hyundai.tucson;TUCSON;ТУССАН
480;hyundai;ХЕНДЭ;hyundai.tucson;TUCSON;TUCSON20GLS
480;hyundai;ХЕНДЭ;hyundai.tucson;TUCSON;ТUСSОN20GLSАТ
480;hyundai;ХЕНДЭ;hyundai.tucson;TUCSON;ТУКСОН
480;hyundai;ХЕНДЭ;hyundai.tucson;TUCSON;ТУКСОН20GLSAT
481;hyundai;ХЕНДЭ;hyundai.hd78;HD78;HD78
482;hyundai;ХЕНДЭ;hyundai.elantra;ELANTRA;ELANTRA
482;hyundai;ХЕНДЭ;hyundai.elantra;ELANTRA;ЭЛАНТРА
482;hyundai;ХЕНДЭ;hyundai.elantra;ELANTRA;ELANTRA16GL
482;hyundai;ХЕНДЭ;hyundai.elantra;ELANTRA;ELANTRA16GLS
482;hyundai;ХЕНДЭ;hyundai.elantra;ELANTRA;ЕLАNТRА16GLS
482;hyundai;ХЕНДЭ;hyundai.elantra;ELANTRA;ЭЛАНТРА16GLMT
482;hyundai;ХЕНДЭ;hyundai.elantra;ELANTRA;ЭЛАНТРА16МТ
482;hyundai;ХЕНДЭ;hyundai.elantra;ELANTRA;ЭЛАНТРАGLS
483;hyundai;ХЕНДЭ;hyundai.universe;UNIVERSE;UNIVERSE
483;hyundai;ХЕНДЭ;hyundai.universe;UNIVERSE;ЮНИВЕРС
483;hyundai;ХЕНДЭ;hyundai.universe;UNIVERSE;УНИВЕРС
484;hino;ХИНО;hino.series_300;SERIES 300;SERIES300
484;hino;ХИНО;hino.series_300;SERIES 300;37630A
485;hino;ХИНО;hino.series_500;SERIES 500;SERIES500
485;hino;ХИНО;hino.series_500;SERIES 500;500
486;howo;ХОВО;howo.zz3327;ZZ3327;ZZ3327
486;howo;ХОВО;howo.zz3327;ZZ3327;ZZ3327N3647W
487;honda;ХОНДА;honda.avancier;AVANCIER;AVANCIER
487;honda;ХОНДА;honda.avancier;AVANCIER;АВАНСЕР
488;honda;ХОНДА;honda.accord;ACCORD;ACCORD
488;honda;ХОНДА;honda.accord;ACCORD;АККОРД
489;honda;ХОНДА;honda.stepwgn;STEPWGN;STEPWGN
489;honda;ХОНДА;honda.stepwgn;STEPWGN;СТЭПВЭГОН
490;honda;ХОНДА;honda.stream;STREAM;STREAM
490;honda;ХОНДА;honda.stream;STREAM;СТРИМ
491;honda;ХОНДА;honda.fit;FIT;FIT
491;honda;ХОНДА;honda.fit;FIT;ФИТ
492;honda;ХОНДА;honda.freed;FREED;FREED
492;honda;ХОНДА;honda.freed;FREED;ФРИД
492;honda;ХОНДА;honda.freed;FREED;FREEDHYBRID
492;honda;ХОНДА;honda.freed;FREED;FREEDSPIKE
493;honda;ХОНДА;honda.civic;CIVIC;CIVIC
493;honda;ХОНДА;honda.civic;CIVIC;ЦИВИК
493;honda;ХОНДА;honda.civic;CIVIC;СIVIC
493;honda;ХОНДА;honda.civic;CIVIC;СIVIС
493;honda;ХОНДА;honda.civic;CIVIC;ЦИВИКХАЙБРИД
494;honda;ХОНДА;honda.cr-v;CR-V;CRV
494;honda;ХОНДА;honda.cr-v;CR-V;ЦРВ
494;honda;ХОНДА;honda.cr-v;CR-V;СRV
495;hongqi;ХОНЧИ;hongqi.h5;H5;H5
496;hongqi;ХОНЧИ;hongqi.hs5;HS5;HS5
497;changan;ЧАНГАН;changan.uni-k;UNI-K;UNIK
497;changan;ЧАНГАН;changan.uni-k;UNI-K;ЮНИК
498;changan;ЧАНГАН;changan.uni-t;UNI-T;UNIT
498;changan;ЧАНГАН;changan.uni-t;UNI-T;ЮНИТ
499;changan;ЧАНГАН;changan.hunter_plus;HUNTER PLUS;HUNTERPLUS
499;changan;ЧАНГАН;changan.hunter_plus;HUNTER PLUS;ХАНТЕРПЛЮС
500;changan;ЧАНГАН;changan.cs55plus;CS55PLUS;CS55PLUS
500;changan;ЧАНГАН;changan.cs55plus;CS55PLUS;ЦС55ПЛЮС
500;changan;ЧАНГАН;changan.cs55plus;CS55PLUS;CS55PLUSSC6452ABA6
501;changan;ЧАНГАН;changan.cs75plus;CS75PLUS;CS75PLUS
501;changan;ЧАНГАН;changan.cs75plus;CS75PLUS;ЦС75ПЛЮС
502;chery;ЧЕРИ;chery.amulet;AMULET;AMULET
502;chery;ЧЕРИ;chery.amulet;AMULET;АМУЛЕТ
503;chery;ЧЕРИ;chery.arrizo_8;ARRIZO 8;ARRIZO8
503;chery;ЧЕРИ;chery.arrizo_8;ARRIZO 8;АРРИЗО8
504;chery;ЧЕРИ;chery.bonus_(a13);BONUS (A13);BONUSA13
504;chery;ЧЕРИ;chery.bonus_(a13);BONUS (A13);БОНУСА13
504;chery;ЧЕРИ;chery.bonus_(a13);BONUS (A13);А13
505;chery;ЧЕРИ;chery.tiggo;TIGGO;TIGGO
505;chery;ЧЕРИ;chery.tiggo;TIGGO;ТИГГО
506;chery;ЧЕРИ;chery.tiggo_3;TIGGO 3;TIGGO3
506;chery;ЧЕРИ;chery.tiggo_3;TIGGO 3;ТИГГО3
507;chery;ЧЕРИ;chery.tiggo_4;TIGGO 4;TIGGO4
507;chery;ЧЕРИ;chery.tiggo_4;TIGGO 4;ТИГГО4
507;chery;ЧЕРИ;chery.tiggo_4;TIGGO 4;TIGGO4Т3ХDЕ00ТL5W3Р0G2
507;chery;ЧЕРИ;chery.tiggo_4;TIGGO 4;TIGGO4Т3ХDЕ00ТL5W4S0G1
507;chery;ЧЕРИ;chery.tiggo_4;TIGGO 4;TIGGO4Т3ХDЕ01ТL5W2Р0G1
508;chery;ЧЕРИ;chery.tiggo_7_pro;TIGGO 7 PRO;TIGGO7PRO
508;chery;ЧЕРИ;chery.tiggo_7_pro;TIGGO 7 PRO;ТИГГО7ПРО
509;chery;ЧЕРИ;chery.tiggo_8;TIGGO 8;TIGGO8
509;chery;ЧЕРИ;chery.tiggo_8;TIGGO 8;ТИГГО8
510;chery;ЧЕРИ;chery.tiggo_8_pro;TIGGO 8 PRO;TIGGO8PRO
510;chery;ЧЕРИ;chery.tiggo_8_pro;TIGGO 8 PRO;ТИГГО8ПРО
510;chery;ЧЕРИ;chery.tiggo_8_pro;TIGGO 8 PRO;TIGGO8PROТ31FРL4ВL71Е010Т
510;chery;ЧЕРИ;chery.tiggo_8_pro;TIGGO 8 PRO;TIGGO8PROТ31FРL4ВL71Е224Т
511;chery;ЧЕРИ;chery.tiggo_8_pro_max;TIGGO 8 PRO MAX;TIGGO8PROMAX
511;chery;ЧЕРИ;chery.tiggo_8_pro_max;TIGGO 8 PRO MAX;ТИГГО8ПРОМАКС
511;chery;ЧЕРИ;chery.tiggo_8_pro_max;TIGGO 8 PRO MAX;TIGGO8PROMAXТ31FРL4ВL71Е31
512;shacman;ШАКМАН;shacman.x3000;X3000;X3000
513;shacman;ШАКМАН;shacman.sx3318;SX3318;SX3318
513;shacman;ШАКМАН;shacman.sx3318;SX3318;SX331863366
513;shacman;ШАКМАН;shacman.sx3318;SX3318;SX331863366SХ331863366
513;shacman;ШАКМАН;shacman.sx3318;SX3318;SX33186T366
513;shacman;ШАКМАН;shacman.sx3318;SX3318;SX33186T366C
513;shacman;ШАКМАН;shacman.sx3318;SX3318;SX33186V366
513;shacman;ШАКМАН;shacman.sx3318;SX3318;SX4188YY381SХ4188УУ381
514;chevrolet;ШЕВРОЛЕ;chevrolet.aveo;AVEO;AVEO
514;chevrolet;ШЕВРОЛЕ;chevrolet.aveo;AVEO;АВЕО
514;chevrolet;ШЕВРОЛЕ;chevrolet.aveo;AVEO;KL1TABEO
514;chevrolet;ШЕВРОЛЕ;chevrolet.aveo;AVEO;KL1TAVEO
514;chevrolet;ШЕВРОЛЕ;chevrolet.aveo;AVEO;KLASAVEO
514;chevrolet;ШЕВРОЛЕ;chevrolet.aveo;AVEO;АВЕОКL1Т
514;chevrolet;ШЕВРОЛЕ;chevrolet.aveo;AVEO;КЛИТАВЕО
515;chevrolet;ШЕВРОЛЕ;chevrolet.camaro;CAMARO;CAMARO
515;chevrolet;ШЕВРОЛЕ;chevrolet.camaro;CAMARO;КАМАРО
516;chevrolet;ШЕВРОЛЕ;chevrolet.captiva;CAPTIVA;CAPTIVA
516;chevrolet;ШЕВРОЛЕ;chevrolet.captiva;CAPTIVA;КАПТИВА
516;chevrolet;ШЕВРОЛЕ;chevrolet.captiva;CAPTIVA;КАПТИВАКLАС
517;chevrolet;ШЕВРОЛЕ;chevrolet.cobalt;COBALT;COBALT
517;chevrolet;ШЕВРОЛЕ;chevrolet.cobalt;COBALT;КОБАЛЬТ
518;chevrolet;ШЕВРОЛЕ;chevrolet.cruze;CRUZE;CRUZE
518;chevrolet;ШЕВРОЛЕ;chevrolet.cruze;CRUZE;КРУЗ
518;chevrolet;ШЕВРОЛЕ;chevrolet.cruze;CRUZE;KL1JCRUZE
518;chevrolet;ШЕВРОЛЕ;chevrolet.cruze;CRUZE;KL1JКРУЗ
518;chevrolet;ШЕВРОЛЕ;chevrolet.cruze;CRUZE;КL1JСRUZЕ
518;chevrolet;ШЕВРОЛЕ;chevrolet.cruze;CRUZE;КРУЗКРУЗ
518;chevrolet;ШЕВРОЛЕ;chevrolet.cruze;CRUZE;КРУЗКL1J
519;chevrolet;ШЕВРОЛЕ;chevrolet.lanos;LANOS;LANOS
519;chevrolet;ШЕВРОЛЕ;chevrolet.lanos;LANOS;ЛАНОС
519;chevrolet;ШЕВРОЛЕ;chevrolet.lanos;LANOS;LАNОS
520;chevrolet;ШЕВРОЛЕ;chevrolet.lacetti;LACETTI;LACETTI
520;chevrolet;ШЕВРОЛЕ;chevrolet.lacetti;LACETTI;ЛАЧЕТТИ
520;chevrolet;ШЕВРОЛЕ;chevrolet.lacetti;LACETTI;KLANJ200LACETTI
520;chevrolet;ШЕВРОЛЕ;chevrolet.lacetti;LACETTI;КLАNJ200LАСЕТТI
520;chevrolet;ШЕВРОЛЕ;chevrolet.lacetti;LACETTI;КЛАНJ200LACETTI
520;chevrolet;ШЕВРОЛЕ;chevrolet.lacetti;LACETTI;КЛАНЛАЧЕТТИ
521;chevrolet;ШЕВРОЛЕ;chevrolet.malibu;MALIBU;MALIBU
521;chevrolet;ШЕВРОЛЕ;chevrolet.malibu;MALIBU;МАЛИБУ
522;chevrolet;ШЕВРОЛЕ;chevrolet.niva;NIVA;NIVA
522;chevrolet;ШЕВРОЛЕ;chevrolet.niva;NIVA;НИВА
522;chevrolet;ШЕВРОЛЕ;chevrolet.niva;NIVA;212300
522;chevrolet;ШЕВРОЛЕ;chevrolet.niva;NIVA;NIVA212300
522;chevrolet;ШЕВРОЛЕ;chevrolet.niva;NIVA;NIVA212300212300
522;chevrolet;ШЕВРОЛЕ;chevrolet.niva;NIVA;НИВА21230055
523;chevrolet;ШЕВРОЛЕ;chevrolet.silverado_double;SILVERADO DOUBLE;SILVERADODOUBLE
523;chevrolet;ШЕВРОЛЕ;chevrolet.silverado_double;SILVERADO DOUBLE;СИЛЬВЕРАДОДАБЛ
523;chevrolet;ШЕВРОЛЕ;chevrolet.silverado_double;SILVERADO DOUBLE;СИЛЬВЕРАДО
524;chevrolet;ШЕВРОЛЕ;chevrolet.spark;SPARK;SPARK
524;chevrolet;ШЕВРОЛЕ;chevrolet.spark;SPARK;СПАРК
525;chevrolet;ШЕВРОЛЕ;chevrolet.tahoe;TAHOE;TAHOE
525;chevrolet;ШЕВРОЛЕ;chevrolet.tahoe;TAHOE;ТАХО
525;chevrolet;ШЕВРОЛЕ;chevrolet.tahoe;TAHOE;TAXOE
525;chevrolet;ШЕВРОЛЕ;chevrolet.tahoe;TAHOE;GMT900TAHOE
525;chevrolet;ШЕВРОЛЕ;chevrolet.tahoe;TAHOE;ТАНОЕ
526;chevrolet;ШЕВРОЛЕ;chevrolet.trailblazer;TRAILBLAZER;TRAILBLAZER
526;chevrolet;ШЕВРОЛЕ;chevrolet.trailblazer;TRAILBLAZER;ТРЕЙЛБЛЕЙЗЕР
527;chevrolet;ШЕВРОЛЕ;chevrolet.epica;EPICA;EPICA
527;chevrolet;ШЕВРОЛЕ;chevrolet.epica;EPICA;ЭПИКА
528;skoda;ШКОДА;skoda.yeti;YETI;YETI
528;skoda;ШКОДА;skoda.yeti;YETI;ЙЕТИ
528;skoda;ШКОДА;skoda.yeti;YETI;ЕТИ
529;skoda;ШКОДА;skoda.karoq;KAROQ;KAROQ
529;skoda;ШКОДА;skoda.karoq;KAROQ;КАРОК
530;skoda;ШКОДА;skoda.kodiaq;KODIAQ;KODIAQ
530;skoda;ШКОДА;skoda.kodiaq;KODIAQ;КОДИАК
531;skoda;ШКОДА;skoda.octavia;OCTAVIA;OCTAVIA
531;skoda;ШКОДА;skoda.octavia;OCTAVIA;ОКТАВИЯ
531;skoda;ШКОДА;skoda.octavia;OCTAVIA;ОКТАВИА
531;skoda;ШКОДА;skoda.octavia;OCTAVIA;ОКТАВИЯТУР
531;skoda;ШКОДА;skoda.octavia;OCTAVIA;ОСТАVIА
532;skoda;ШКОДА;skoda.rapid;RAPID;RAPID
532;skoda;ШКОДА;skoda.rapid;RAPID;РАПИД
532;skoda;ШКОДА;skoda.rapid;RAPID;RАРID
532;skoda;ШКОДА;skoda.rapid;RAPID;РЭПИД
533;skoda;ШКОДА;skoda.superb;SUPERB;SUPERB
533;skoda;ШКОДА;skoda.superb;SUPERB;СУПЕРБ
534;skoda;ШКОДА;skoda.fabia;FABIA;FABIA
534;skoda;ШКОДА;skoda.fabia;FABIA;ФАБИЯ
535;exeed;ЭКСИД;exeed.vx;VX;VX
535;exeed;ЭКСИД;exeed.vx;VX;ВХ
535;exeed;ЭКСИД;exeed.vx;VX;VXМ52FРL4GL70Е010Т
536;exeed;ЭКСИД;exeed.lx;LX;LX
536;exeed;ЭКСИД;exeed.lx;LX;ЛХ
536;exeed;ЭКСИД;exeed.lx;LX;LXT33FPL4BL50E010T
537;exeed;ЭКСИД;exeed.txl;TXL;TXL
537;exeed;ЭКСИД;exeed.txl;TXL;ТХЛ
537;exeed;ЭКСИД;exeed.txl;TXL;TXLМ51FРL4GL50Е011Т
537;exeed;ЭКСИД;exeed.txl;TXL;EXEEDTXL
538;exeed;ЭКСИД;exeed.rx;RX;RX
538;exeed;ЭКСИД;exeed.rx;RX;РХ
539;yutong;ЮТОНГ;yutong.zk6122h;ZK6122H;ZK6122H
540;yutong;ЮТОНГ;yutong.zk6128h;ZK6128H;ZK6128H
541;jaguar;ЯГУАР;jaguar.xf;XF;XF
541;jaguar;ЯГУАР;jaguar.xf;XF;ХФ
;audi;АУДИ;audi.s3;S3;S3
;audi;АУДИ;audi.s4;S4;S4
;audi;АУДИ;audi.s5;S5;S5
;audi;АУДИ;audi.s6;S6;S6
;audi;АУДИ;audi.s7;S7;S7
;audi;АУДИ;audi.s8;S8;S8
;audi;АУДИ;audi.rsq3;RS Q3;RSQ3
;audi;АУДИ;audi.sq5;SQ5;SQ5
;audi;АУДИ;audi.sq7;SQ7;SQ7
;gaz;ГАЗ;gaz.2752;2752;2752
;gaz;ГАЗ;gaz.3307;3307;3307
;gazsaz;ГАЗСАЗ;gazsaz.35071;35071;35071
;gazsaz;ГАЗСАЗ;gazsaz.350701;3507-01;350701
;gaz;ГАЗ;gaz.3102;3102;3102
;gactrumpchi;ГАКТРАМПЧИ;gactrumpchi.gs3;GS3;GS3
;gactrumpchi;ГАКТРАМПЧИ;gactrumpchi.gs8;GS8;GS8
;daf;ДАФ;daf.xg;XG;XG
;ram;РАМ;ram.1500;1500;1500
;chevrolet;ШЕВРОЛЕ;chevrolet.matiz;Matiz;MATIZ
;daewoo;ДЭУ;daewoo.matizcreative;Matiz Creative;MATIZCREATIVE
;nizhegorodec;НИЖЕГОРОДЕЦ;nizhegorodec.vsn700;VSN-700;VSN700
;iveco;ИВЕКО;iveco.turbodaily;TurboDaily;TURBODAILY
;izh;ИЖ;izh.2717;2717;2717
;izh;ИЖ;izh.21261fabula;21261 Fabula;21261FABULA
;isuzu;ИСУЗУ;isuzu.nseries;N-Series;NSERIES
;cadillac;КАДИЛЛАК;cadillac.escaladeevs;Escalade EVS;ESCALADEEVS
;kamaz;КАМАЗ;kamaz.65201;65201;65201
;kamaz;КАМАЗ;kamaz.65206;65206;65206
;kamaz;КАМАЗ;kamaz.6522;6522;6522
;kamaz;КАМАЗ;kamaz.65222;65222;65222
;kamaz;КАМАЗ;kamaz.65225;65225;65225
;kia;КИА;kia.lotze;Lotze;LOTZE
;kia;КИА;kia.magentis;Magentis;MAGENTIS
;kia;КИА;kia.morning;Morning;MORNING
;kia;КИА;kia.rioxline;Rio X-Line;RIOXLINE
;kia;КИА;kia.pegas;Pegas;PEGAS
;kia;КИА;kia.pride;Pride;PRIDE
;solaris;СОЛЯРИС;solaris.krs;KRS;KRS
;solaris;СОЛЯРИС;solaris.krx;KRX;KRX
;kia;КИА;kia.kx3;KX3;KX3
;kia;КИА;kia.forte;Forte;FORTE
;kia;КИА;kia.k3;K3;K3
;lada;ЛАДА;lada.2123;2123;2123
;lada;ЛАДА;lada.nivatravel;Niva Travel;NIVATRAVEL
;kamaz;КАМАЗ;kamaz.1111oka;1111 Oka;1111OKA
;kamaz;КАМАЗ;kamaz.oka;Oka;OKA
;seaz;СЕАЗ;seaz.1111oka;1111 Oka;1111OKA
;seaz;СЕАЗ;seaz.oka;Oka;OKA
;land_rover;ЛЕНД РОВЕР;land_rover.rangerovervelar;Range Rover Velar;RANGEROVERVELAR
;liaz;ЛИАЗ;liaz.5256;5256;5256
;liaz;ЛИАЗ;liaz.5293;5293;5293
;liaz;ЛИАЗ;liaz.6212;6212;6212
;golaz;ГОЛАЗ;golaz.5256;5256;5256
;mazda;МАЗДА;mazda.axela;Axela;AXELA
;mazda;МАЗДА;mazda.323;323;323
;mazda;МАЗДА;mazda.626;626;626
;mazda;МАЗДА;mazda.bongobrawny;Bongo Brawny;BONGOBRAWNY
;mazda;МАЗДА;mazda.bongofriendee;Bongo Friendee;BONGOFRIENDEE
;autospeccomponent;АВТОСПЕЦКОМПОНЕНТ;autospeccomponent.6283;6283;6283
;mercedes-benz;МЕРСЕДЕС-БЕНЦ;mercedes-benz.viano;Viano;VIANO
;luidor;ЛУИДОР;luidor.22340a;22340A;22340A
;luidor;ЛУИДОР;luidor.22340c;22340C;22340C
;luidor;ЛУИДОР;luidor.22340e;22340E;22340E
;luidor;ЛУИДОР;luidor.2236xa;2236XA;2236XA
;luidor;ЛУИДОР;luidor.22360с;22360С;22360С
;luidor;ЛУИДОР;luidor.223402;223402;223402
;luidor;ЛУИДОР;luidor.223602;223602;223602
;luidor;ЛУИДОР;luidor.223603;223603;223603
;luidor;ЛУИДОР;luidor.223610;223610;223610
;luidor;ЛУИДОР;luidor.223612;223612;223612
;luidor;ЛУИДОР;luidor.223625;223625;223625
;luidor;ЛУИДОР;luidor.223640;223640;223640
;luidor;ЛУИДОР;luidor.223653;223653;223653
;luidor;ЛУИДОР;luidor.223685;223685;223685
;luidor;ЛУИДОР;luidor.223690;223690;223690
;mercedes-benz;МЕРСЕДЕС-БЕНЦ;mercedes-benz.clc;CLC;CLC
;mercedes-benz;МЕРСЕДЕС-БЕНЦ;mercedes-benz.gla;GLA;GLA
;mitsubishi;МИЦУБИСИ;mitsubishi.outlanderxl;Outlander XL;OUTLANDERXL
;mitsubishi;МИЦУБИСИ;mitsubishi.delicaspacegear;Delica Space Gear;DELICASPACEGEAR
;mitsubishi;МИЦУБИСИ;mitsubishi.lancercedia;Lancer Cedia;LANCERCEDIA
;mitsubishi;МИЦУБИСИ;mitsubishi.lancerevolution;Lancer Evolution;LANCEREVOLUTION
;mitsubishi;МИЦУБИСИ;mitsubishi.montero;Montero;MONTERO
;mitsubishi;МИЦУБИСИ;mitsubishi.pajeroio;Pajero iO;PAJEROIO
;mitsubishi;МИЦУБИСИ;mitsubishi.pajeromini;Pajero Mini;PAJEROMINI
;mitsubishi;МИЦУБИСИ;mitsubishi.pajeropinin;Pajero Pinin;PAJEROPININ
;mitsubishi;МИЦУБИСИ;mitsubishi.pajerosport;Pajero Sport;PAJEROSPORT
;mitsubishi;МИЦУБИСИ;mitsubishi.pajerojunior;Pajero Junior;PAJEROJUNIOR
;nissan;НИССАН;nissan.qashqai2;Qashqai+2;QASHQAI2
;infiniti;ИНФИНИТИ;infiniti.qx56;QX56;QX56
;infiniti;ИНФИНИТИ;infiniti.qx80;QX80;QX80
;nissan;НИССАН;nissan.armada;Armada;ARMADA
;nissan;НИССАН;nissan.safari;Safari;SAFARI
;ford;ФОРД;ford.maverick;Maverick;MAVERICK
;infiniti;ИНФИНИТИ;infiniti.qx4;QX4;QX4
;nissan;НИССАН;nissan.mistral;Mistral;MISTRAL
;nissan;НИССАН;nissan.tiidalatio;Tiida Latio;TIIDALATIO
;opel;ОПЕЛЬ;opel.mokkax;Mokka X;MOKKAX
;paz;ПАЗ;paz.3204vector;3204 Vector;3204VECTOR
;paz;ПАЗ;paz.32054;32054;32054
;paz;ПАЗ;paz.32051;32051;32051
;paz;ПАЗ;paz.3206;3206;3206
;peugeot;ПЕЖО;peugeot.206cc;206 CC;206CC
;peugeot;ПЕЖО;peugeot.308cc;308 CC;308CC
;nizhegorodec;НИЖЕГОРОДЕЦ;nizhegorodec.2227sl;2227SL;2227SL
;peugeot;ПЕЖО;peugeot.partnertepee;Partner Tepee;PARTNERTEPEE
;dacia;ДАЧИЯ;dacia.duster;DUSTER;DUSTER
;dacia;ДАЧИЯ;dacia.logan;LOGAN;LOGAN
;renault;РЕНО;renault.loganmcv;Logan MCV;LOGANMCV
;renault;РЕНО;renault.loganstepway;Logan Stepway;LOGANSTEPWAY
;dacia;ДАЧИЯ;dacia.sandero;SANDERO;SANDERO
;renault;РЕНО;renault.sanderostepway;Sandero Stepway;SANDEROSTEPWAY
;renault;РЕНО;renault.scenicrx4;Scenic RX4;SCENICRX4
;renault;РЕНО;renault.meganescenic;Megane Scenic;MEGANESCENIC
;citroen;СИТРОЕН;citroen.jumpy;JUMPY;JUMPY
;peugeot;ПЕЖО;peugeot.expert;Expert;EXPERT
;opel;ОПЕЛЬ;opel.vivaro;Vivaro;VIVARO
;suzuki;СУЗУКИ;suzuki.suzukisx4s;Suzuki SX4 S;SUZUKISX4S
;toyota;ТОЙОТА;toyota.yarisverso;Yaris Verso;YARISVERSO
;toyota;ТОЙОТА;toyota.toyoace;ToyoAce;TOYOACE
;toyota;ТОЙОТА;toyota.priusapha;Prius Apha;PRIUSAPHA
;toyota;ТОЙОТА;toyota.4runner;4Runner;4RUNNER
;toyota;ТОЙОТА;toyota.hiaceregius;Hiace Regius;HIACEREGIUS
;toyota;ТОЙОТА;toyota.commuter;Commuter;COMMUTER
;uaz;УАЗ;uaz.3962;3962;3962
;uaz;УАЗ;uaz.39623;39623;39623
;uaz;УАЗ;uaz.39629;39629;39629
;uaz;УАЗ;uaz.39094;39094;39094
;uaz;УАЗ;uaz.2206;2206;2206
;uaz;УАЗ;uaz.22069;22069;22069
;uaz;УАЗ;uaz.3741;3741;3741
;uaz;УАЗ;uaz.452;452;452
;uaz;УАЗ;uaz.2989;2989;2989
;uaz;УАЗ;uaz.29891;29891;29891
;uaz;УАЗ;uaz.469;469;469
;uaz;УАЗ;uaz.3151;3151;3151
;uaz;УАЗ;uaz.31512;31512;31512
;uaz;УАЗ;uaz.31514;31514;31514
;uaz;УАЗ;uaz.31519;31519;31519
;uaz;УАЗ;uaz.3153;3153;3153
;ural;УРАЛ;ural.43204;43204;43204
;ural;УРАЛ;ural.43206;43206;43206
;volkswagen;ФОЛЬКСВАГЕН;volkswagen.egolf;e-Golf;EGOLF
;volkswagen;ФОЛЬКСВАГЕН;volkswagen.golfplus;Golf Plus;GOLFPLUS
;volkswagen;ФОЛЬКСВАГЕН;volkswagen.passatcc;Passat CC;PASSATCC
;volkswagen;ФОЛЬКСВАГЕН;volkswagen.cc;CC;CC
;volkswagen;ФОЛЬКСВАГЕН;volkswagen.crosspolo;Cross Polo;CROSSPOLO
;volkswagen;ФОЛЬКСВАГЕН;volkswagen.california;California;CALIFORNIA
;nizhegorodec;НИЖЕГОРОДЕЦ;nizhegorodec.22278e;22278E;22278E
;haval;ХАВЕЙЛ;haval.f7h;F7h;F7H
;hyundai;ХЕНДЭ;hyundai.h1;H-1;H1
;hyundai;ХЕНДЭ;hyundai.santafeclassic;Santa Fe Classic;SANTAFECLASSIC
;hyundai;ХЕНДЭ;hyundai.nf;NF;NF
;hyundai;ХЕНДЭ;hyundai.avante;Avante;AVANTE
;hino;ХИНО;hino.dutro;Dutro;DUTRO
;chevrolet;ШЕВРОЛЕ;chevrolet.sonic;Sonic;SONIC
;daewoo;ДЭУ;daewoo.kalos;Kalos;KALOS
;pontiac;ПОНТИАК;pontiac.wave;Wave;WAVE
;zaz;ЗАЗ;zaz.vida;Vida;VIDA
;daewoo;ДЭУ;daewoo.winstorm;Winstorm;WINSTORM
;gmc;ДЖИ-ЭМ-СИ;gmc.terrain;Terrain;TERRAIN
;ravon;РАВОН;ravon.r4;R4;R4
;daewoo;ДЭУ;daewoo.lacettipremiere;Lacetti Premiere;LACETTIPREMIERE
;zaz;ЗАЗ;zaz.sens;Sens;SENS
;daewoo;ДЭУ;daewoo.lanos;Lanos;LANOS
;daewoo;ДЭУ;daewoo.sens;Sens;SENS
;chevrolet;ШЕВРОЛЕ;chevrolet.nubira;Nubira;NUBIRA
;daewoo;ДЭУ;daewoo.nubira;Nubira;NUBIRA
;daewoo;ДЭУ;daewoo.gentra;Gentra;GENTRA
;ravon;РАВОН;ravon.gentra;Gentra;GENTRA
;daewoo;ДЭУ;daewoo.lacetti;LACETTI;LACETTI
;suzuki;СУЗУКИ;suzuki.forenza;Forenza;FORENZA
;lada;ЛАДА;lada.pajeroio;Niva Travel;PAJEROIO
;ravon;РАВОН;ravon.matiz;MATIZ;MATIZ
;chevrolet;ШЕВРОЛЕ;chevrolet.suburban;Suburban;SUBURBAN
;gmc;ДЖИ-ЭМ-СИ;gmc.suburban;Suburban;SUBURBAN
;gmc;ДЖИ-ЭМ-СИ;gmc.yukon;Yukon;YUKON
;chevrolet;ШЕВРОЛЕ;chevrolet.evanda;Evanda;EVANDA
;daewoo;ДЭУ;daewoo.magnus;Magnus;MAGNUS
;daewoo;ДЭУ;daewoo.tosca;Tosca;TOSCA
;suzuki;СУЗУКИ;suzuki.verona;Verona;VERONA
;skoda;ШКОДА;skoda.octaviascout;Octavia Scout;OCTAVIASCOUT